DEPTH,DT,CNL,DEN,GR,RD,RS,DTXX,sample_weight
2587.0,72.82851378,10.4,2.65,114,8.64,9.39,142.0773236,0.9935233080808253
2587.125,68.35142723,8.4,2.657,99,12.75,13.16,135.2473666,0.7085059968562257
2587.25,65.82673891,6.8,2.658,87,17.86,17.88,129.2502373,0.7085059968562257
2587.375,65.43721398,5.9,2.648,83,21.95,21.7,124.501049,0.7085059968562257
2587.5,66.19948045,5.9,2.626,85,22.9,22.67,121.3479022,0.7085059968562257
2587.625,67.94956017,6.6,2.599,90,21.28,21.23,119.888348,0.7085059968562257
2587.75,70.57477776,7.6,2.574,93,18.75,18.85,120.0024817,0.7085059968562257
2587.875,72.84306844,8.6,2.559,96,16.72,16.85,121.4367829,0.7085059968562257
2588.0,73.57347867,9.4,2.552,100,15.19,15.29,123.8064974,0.7085059968562257
2588.125,74.01467717,9.9,2.552,104,13.86,13.93,126.4547051,0.7085059968562257
2588.25,75.08660072,10.3,2.553,108,12.61,12.65,129.0600287,0.7085059968562257
2588.375,76.48489081,10.6,2.551,110,11.51,11.54,131.4315123,0.7085059968562257
2588.5,76.81413287,10.7,2.549,112,10.71,10.75,133.496849,0.7085059968562257
2588.625,77.72153117,10.8,2.549,114,10.27,10.3,134.926393,0.7085059968562257
2588.75,77.61440459,10.9,2.552,114,10.14,10.15,135.9096578,0.7085059968562257
2588.875,77.48316181,10.8,2.555,113,10.26,10.18,136.7581693,0.7085059968562257
2589.0,77.34192231,11.0,2.558,112,10.29,10.12,137.6648579,0.7085059968562257
2589.125,77.31866535,11.3,2.561,111,10.01,9.78,138.7953646,0.7085059968562257
2589.25,78.77929528,11.9,2.565,115,9.26,9.03,140.3573724,0.7085059968562257
2589.375,79.70785033,12.5,2.571,125,8.24,8.06,142.5999539,0.7085059968562257
2589.5,80.50961614,13.1,2.577,138,7.23,7.09,144.9735856,0.7085059968562257
2589.625,80.73974213,13.8,2.581,149,6.53,6.41,147.1241138,0.7085059968562257
2589.75,80.44431102,14.5,2.583,154,6.2,6.08,148.7519861,0.7085059968562257
2589.875,80.03005492,15.2,2.583,152,6.23,6.08,149.608061,0.7085059968562257
2590.0,78.86839154,15.2,2.582,147,6.53,6.33,149.178435,0.7085059968562257
2590.125,77.48114469,14.5,2.585,140,6.97,6.7,147.7258683,0.7085059968562257
2590.25,76.32286207,13.2,2.591,133,7.44,7.1,145.7529783,0.7085059968562257
2590.375,75.4217187,12.0,2.597,128,7.85,7.45,143.5462575,0.7085059968562257
2590.5,74.75147966,11.1,2.601,124,8.18,7.76,141.3532983,0.7085059968562257
2590.625,74.41273294,10.9,2.602,120,8.43,8.02,139.4095647,0.7085059968562257
2590.75,74.39909291,11.0,2.603,117,8.64,8.22,138.2569402,0.7085059968562257
2590.875,74.19400584,11.2,2.606,116,8.77,8.36,137.5069108,0.7085059968562257
2591.0,74.06070512,11.5,2.609,119,8.8,8.4,137.1217044,0.7085059968562257
2591.125,73.85110177,11.7,2.612,121,8.8,8.39,137.0274518,0.7085059968562257
2591.25,73.27949783,11.9,2.615,122,8.81,8.39,137.0872344,0.7085059968562257
2591.375,72.97413366,11.9,2.614,120,8.86,8.41,136.9339372,0.7085059968562257
2591.5,72.88552067,11.8,2.611,117,8.96,8.47,136.7543451,0.7085059968562257
2591.625,72.69809875,11.6,2.608,115,9.11,8.57,136.5123247,0.7085059968562257
2591.75,72.35733104,11.4,2.609,116,9.27,8.68,136.3656112,0.7085059968562257
2591.875,72.13574016,11.3,2.61,119,9.35,8.75,136.5234252,0.7085059968562257
2592.0,72.69745892,11.3,2.611,123,9.26,8.66,137.1926459,0.7085059968562257
2592.125,73.67006391,11.4,2.609,124,8.96,8.41,138.1864943,0.7085059968562257
2592.25,74.30129902,11.8,2.604,124,8.51,8.03,139.3033939,0.7085059968562257
2592.375,74.74439934,12.4,2.596,124,8.05,7.68,140.121846,0.7085059968562257
2592.5,74.79655755,12.8,2.588,126,7.84,7.51,140.2894748,0.7085059968562257
2592.625,74.31922126,12.7,2.583,128,8.02,7.65,139.5922199,0.7085059968562257
2592.75,74.2201399,12.0,2.58,125,8.77,8.28,138.0832796,0.7085059968562257
2592.875,73.61344829,11.0,2.578,120,10.05,9.41,135.8252024,0.7085059968562257
2593.0,72.68456791,10.3,2.576,114,11.68,10.9,133.4177348,0.7085059968562257
2593.125,71.41968248,9.9,2.575,108,12.98,12.15,131.2170177,0.7085059968562257
2593.25,70.24733104,9.8,2.576,103,13.38,12.62,129.4393963,0.7085059968562257
2593.375,70.06092126,9.8,2.58,101,12.77,12.19,128.1425906,0.7085059968562257
2593.5,70.41984514,10.0,2.585,104,11.71,11.34,127.5339948,0.7085059968562257
2593.625,69.84251739,10.3,2.59,109,10.72,10.49,127.3159114,0.7085059968562257
2593.75,69.02323957,10.5,2.595,115,10.1,9.91,127.2766343,0.7085059968562257
2593.875,68.76552966,10.6,2.599,118,9.94,9.72,127.3346584,0.7085059968562257
2594.0,69.38768005,10.6,2.601,118,10.19,9.89,127.4559425,0.7085059968562257
2594.125,69.59798189,10.5,2.6,117,10.55,10.2,127.6000533,0.7085059968562257
2594.25,69.55932867,10.5,2.597,115,10.66,10.3,127.5748532,0.7085059968562257
2594.375,69.14267021,10.5,2.597,116,10.47,10.16,127.3879108,0.7085059968562257
2594.5,68.28718209,10.4,2.6,118,10.35,10.11,126.9433368,0.7085059968562257
2594.625,67.13866969,10.2,2.605,120,10.73,10.52,126.1277713,0.7085059968562257
2594.75,65.97910374,9.7,2.61,117,12.02,11.71,124.8506121,0.7085059968562257
2594.875,64.51871988,8.9,2.615,110,14.64,14.1,123.2511207,0.7085059968562257
2595.0,63.97128484,8.1,2.622,101,18.47,17.66,121.488118,0.7085059968562257
2595.125,64.14713465,7.7,2.629,92,22.12,21.2,119.8815848,0.7085059968562257
2595.25,64.72505669,7.5,2.631,89,23.2,22.43,118.7964549,0.7085059968562257
2595.375,65.5427063,7.7,2.625,89,21.03,20.57,118.5326549,0.7085059968562257
2595.5,66.96495039,8.1,2.612,94,16.73,16.58,119.2357388,0.7085059968562257
2595.625,69.36351752,8.9,2.598,103,12.78,12.79,121.2064482,0.7085059968562257
2595.75,71.10369895,9.9,2.588,114,10.06,10.15,123.8586329,0.7085059968562257
2595.875,72.42766713,10.9,2.584,125,8.62,8.7,126.7643078,0.7085059968562257
2596.0,73.21274803,11.7,2.584,133,7.99,8.02,129.5208185,0.7085059968562257
2596.125,73.13758786,12.1,2.584,135,7.96,7.93,131.7788614,0.7085059968562257
2596.25,72.83435623,12.3,2.587,133,8.24,8.22,133.1357347,0.7085059968562257
2596.375,72.57442736,12.3,2.59,130,8.6,8.63,133.4388362,0.7085059968562257
2596.5,72.33544639,12.0,2.592,128,8.95,9.02,133.0213146,0.7085059968562257
2596.625,72.08946175,11.6,2.592,124,9.24,9.31,132.193515,0.7085059968562257
2596.75,71.81143957,11.3,2.59,120,9.48,9.5,131.2012776,0.7085059968562257
2596.875,71.48671844,11.2,2.588,117,9.66,9.66,130.128607,0.7085059968562257
2597.0,71.34404298,11.1,2.586,116,9.82,9.84,129.4769577,0.7085059968562257
2597.125,71.1301628,11.1,2.586,115,9.94,10.02,129.07686,0.7085059968562257
2597.25,70.85502303,10.9,2.584,114,10.08,10.16,128.7589181,0.7085059968562257
2597.375,70.55128156,10.7,2.581,114,10.25,10.29,128.5037137,0.7085059968562257
2597.5,70.28009547,10.5,2.579,115,10.45,10.42,128.3488081,0.7085059968562257
2597.625,70.200125,10.2,2.579,116,10.7,10.61,128.1362917,0.7085059968562257
2597.75,69.86372146,9.8,2.581,116,11.04,10.88,128.0987098,0.7085059968562257
2597.875,69.90799941,9.5,2.584,113,11.4,11.19,128.3705406,0.7085059968562257
2598.0,70.36166739,9.4,2.591,109,11.46,11.23,129.0153568,0.7085059968562257
2598.125,71.22025794,9.7,2.599,108,10.96,10.76,130.1311513,0.7085059968562257
2598.25,72.5503374,10.3,2.604,112,9.93,9.81,131.8682772,0.7085059968562257
2598.375,73.60299488,10.9,2.604,121,8.76,8.71,134.0848126,0.7085059968562257
2598.5,74.36429534,11.3,2.601,131,7.75,7.76,136.384339,0.7085059968562257
2598.625,75.04332224,11.8,2.603,137,7.1,7.15,138.5046411,0.7085059968562257
2598.75,75.32025597,12.4,2.609,139,6.94,6.99,140.0671067,0.7085059968562257
2598.875,74.81847192,12.9,2.614,137,7.29,7.29,140.7189136,0.7085059968562257
2599.0,73.78927244,13.2,2.615,133,7.99,7.94,140.2763283,0.7085059968562257
2599.125,72.45298209,13.0,2.616,127,8.74,8.64,138.8421698,0.7085059968562257
2599.25,71.22735466,12.5,2.616,123,9.41,9.26,136.7621801,0.7085059968562257
2599.375,70.14521535,11.8,2.613,120,9.98,9.77,134.4684301,0.7085059968562257
2599.5,69.42984003,11.3,2.608,119,10.44,10.2,132.2726598,0.7085059968562257
2599.625,69.45548261,11.0,2.601,117,10.68,10.44,130.3114833,0.7085059968562257
2599.75,69.2870935,10.8,2.598,117,10.67,10.46,128.9135994,0.7085059968562257
2599.875,69.35420682,10.6,2.597,119,10.52,10.34,128.0163879,0.7085059968562257
2600.0,69.20744869,10.4,2.599,122,10.31,10.16,127.2730814,0.7085059968562257
2600.125,68.88490157,10.2,2.601,123,10.04,9.96,126.6127455,0.7085059968562257
2600.25,68.47378182,10.2,2.602,122,9.88,9.86,125.9593232,0.7085059968562257
2600.375,67.69925755,10.0,2.603,120,10.35,10.29,124.9617839,0.7085059968562257
2600.5,66.09462815,9.6,2.607,118,11.72,11.54,123.5234026,0.7085059968562257
2600.625,64.27648806,8.8,2.611,114,13.84,13.57,122.014264,0.7085059968562257
2600.75,62.98836982,7.9,2.615,107,16.19,15.96,120.4756319,0.7085059968562257
2600.875,62.34669114,7.3,2.618,100,18.16,18.05,119.0549561,0.7085059968562257
2601.0,61.9940166,6.9,2.617,94,19.08,19.14,118.0012051,0.7085059968562257
2601.125,62.62976135,6.7,2.61,92,18.42,18.65,117.6631146,0.7085059968562257
2601.25,64.41092795,6.9,2.602,94,16.43,16.79,118.0614419,0.7085059968562257
2601.375,66.54743045,7.4,2.595,99,13.72,14.14,119.0689462,0.7085059968562257
2601.5,68.55714783,8.1,2.592,107,11.23,11.69,120.6253234,0.7085059968562257
2601.625,70.12678189,9.0,2.591,118,9.43,9.89,122.6470236,0.7085059968562257
2601.75,71.15630945,9.8,2.593,127,8.43,8.88,125.0161181,0.7085059968562257
2601.875,71.61473301,10.4,2.592,133,7.96,8.41,127.5438035,0.7085059968562257
2602.0,72.23766102,10.7,2.59,135,7.82,8.29,130.2014006,0.7085059968562257
2602.125,72.69150741,10.8,2.587,136,7.84,8.32,132.8707945,0.7085059968562257
2602.25,72.9249853,10.9,2.588,136,7.78,8.27,135.4237262,0.7085059968562257
2602.375,73.18012224,11.1,2.594,136,7.53,8.04,137.7348457,0.7085059968562257
2602.5,74.1783998,11.5,2.601,137,7.12,7.66,139.638389,0.7085059968562257
2602.625,74.97213635,12.1,2.608,137,6.71,7.26,141.0332262,0.7085059968562257
2602.75,75.52572087,12.7,2.613,136,6.42,6.96,141.9561705,0.7085059968562257
2602.875,75.75556634,12.9,2.616,135,6.24,6.77,142.3920257,0.7085059968562257
2603.0,75.60452362,12.9,2.615,136,6.17,6.68,142.3440785,0.7085059968562257
2603.125,75.07062205,12.8,2.613,137,6.22,6.72,141.8425569,0.7085059968562257
2603.25,74.47646194,12.6,2.61,137,6.41,6.91,140.9615694,0.7085059968562257
2603.375,74.05312566,12.3,2.611,136,6.68,7.21,139.9112446,0.7085059968562257
2603.5,73.63240591,12.1,2.614,135,6.93,7.47,138.7765463,0.7085059968562257
2603.625,73.14006181,11.9,2.617,134,7.11,7.65,137.6299137,0.7085059968562257
2603.75,72.50213635,11.8,2.62,133,7.3,7.8,136.5052339,0.7085059968562257
2603.875,71.37434764,11.6,2.62,134,7.58,8.05,135.3099419,0.7085059968562257
2604.0,70.65694272,11.3,2.62,133,7.97,8.41,134.1303448,0.7085059968562257
2604.125,71.07179245,10.7,2.62,131,8.4,8.83,133.1046739,0.7085059968562257
2604.25,71.53121063,10.0,2.62,128,8.74,9.16,132.3788506,0.7085059968562257
2604.375,71.59175735,9.8,2.622,128,8.8,9.22,132.1207031,0.7085059968562257
2604.5,71.95292526,10.1,2.624,131,8.41,8.85,132.5015566,0.7085059968562257
2604.625,73.02633406,10.9,2.622,135,7.65,8.12,133.5555264,0.7085059968562257
2604.75,74.78756785,11.9,2.614,140,6.81,7.27,135.0189015,0.7085059968562257
2604.875,76.09577224,12.9,2.605,144,6.19,6.61,136.572495,0.7085059968562257
2605.0,76.48595217,13.5,2.598,147,5.86,6.23,137.9029252,0.7085059968562257
2605.125,76.02816424,13.8,2.596,149,5.78,6.1,138.7617096,0.7085059968562257
2605.25,75.50446017,13.9,2.598,148,5.9,6.2,139.0568211,0.7085059968562257
2605.375,74.66849488,13.8,2.602,145,6.18,6.48,138.5536923,0.7085059968562257
2605.5,73.49832546,13.4,2.606,142,6.61,6.92,137.5175177,0.7085059968562257
2605.625,72.2578399,12.7,2.609,138,7.16,7.46,136.1135642,0.7085059968562257
2605.75,71.24497362,12.1,2.614,137,7.77,8.03,134.4786852,0.7085059968562257
2605.875,70.69480269,11.6,2.622,136,8.36,8.6,132.7336378,0.7085059968562257
2606.0,70.34744377,11.1,2.63,135,8.84,9.09,131.2926929,0.7085059968562257
2606.125,70.03705039,10.7,2.637,132,9.07,9.35,130.3660183,0.7085059968562257
2606.25,69.9738666,10.4,2.637,129,8.98,9.28,129.9662037,0.7085059968562257
2606.375,70.2086294,10.3,2.631,127,8.68,8.98,130.1347385,0.7085059968562257
2606.5,70.7242311,10.4,2.624,127,8.35,8.65,130.8350152,0.7085059968562257
2606.625,71.48522192,10.5,2.623,128,8.12,8.38,131.8767638,0.7085059968562257
2606.75,72.17643799,10.7,2.625,129,7.95,8.17,132.9893169,0.7085059968562257
2606.875,72.95118307,11.1,2.629,131,7.77,7.96,134.3562533,0.7085059968562257
2607.0,73.59952684,11.5,2.632,134,7.55,7.74,135.8179736,0.7085059968562257
2607.125,74.09107408,12.1,2.634,137,7.28,7.49,137.3301928,0.7085059968562257
2607.25,74.54665059,12.7,2.636,138,7.01,7.27,138.9519447,0.7085059968562257
2607.375,75.03032841,13.3,2.636,137,6.85,7.12,140.7238443,0.7085059968562257
2607.5,75.44824416,13.5,2.635,136,6.79,7.05,142.189615,0.7085059968562257
2607.625,76.08819567,13.4,2.634,137,6.75,6.98,143.5754988,0.7085059968562257
2607.75,76.83355551,13.2,2.633,139,6.61,6.83,144.8067047,0.7085059968562257
2607.875,77.56016083,13.4,2.632,142,6.36,6.6,145.8370669,0.7085059968562257
2608.0,78.31139114,14.0,2.629,144,6.08,6.35,146.7897407,0.7085059968562257
2608.125,78.85928963,14.6,2.621,146,5.86,6.16,147.7205098,0.7085059968562257
2608.25,79.39061207,14.8,2.61,146,5.73,6.04,148.8819564,0.7085059968562257
2608.375,79.61298602,14.9,2.599,146,5.72,6.01,150.2987148,0.7085059968562257
2608.5,79.51803911,15.0,2.593,145,5.77,6.03,151.7385376,0.7085059968562257
2608.625,79.30570118,15.0,2.598,143,5.85,6.09,152.8723161,0.7085059968562257
2608.75,79.29536654,15.0,2.609,143,5.91,6.14,153.606076,0.7085059968562257
2608.875,79.03788228,15.0,2.618,143,5.91,6.14,152.9015134,0.7085059968562257
2609.0,78.68943248,14.9,2.617,143,5.88,6.11,151.0351537,0.7085059968562257
2609.125,78.02409449,14.6,2.608,142,5.88,6.11,148.4692512,0.7085059968562257
2609.25,76.96034875,14.3,2.596,141,5.98,6.21,145.5677829,0.7085059968562257
2609.375,75.69293077,13.9,2.588,139,6.24,6.46,142.4523465,0.7085059968562257
2609.5,73.66446949,13.5,2.588,137,6.72,6.93,139.6246726,0.7085059968562257
2609.625,71.88310545,12.9,2.593,132,7.49,7.68,137.2159869,0.7085059968562257
2609.75,70.53968248,12.1,2.603,125,8.56,8.74,134.9787867,0.7085059968562257
2609.875,69.6081065,11.3,2.613,118,9.66,9.83,132.8638693,0.7085059968562257
2610.0,69.0424437,10.8,2.617,112,10.48,10.66,131.0072327,0.7085059968562257
2610.125,69.18171535,10.4,2.613,111,10.71,10.92,129.9180759,0.7085059968562257
2610.25,69.63012382,10.2,2.605,112,10.39,10.66,129.5482173,0.7085059968562257
2610.375,70.31565348,10.0,2.596,117,9.68,10.01,129.9611095,0.7085059968562257
2610.5,71.08845564,10.0,2.592,122,8.89,9.25,130.9985339,0.7085059968562257
2610.625,71.93697854,10.2,2.589,124,8.26,8.61,132.3495014,0.7085059968562257
2610.75,72.95777913,10.6,2.588,124,7.9,8.22,133.6117373,0.7085059968562257
2610.875,73.16496417,10.9,2.587,124,7.74,8.03,134.5828659,0.7085059968562257
2611.0,73.07360197,11.0,2.586,125,7.71,8.01,134.9829108,0.7085059968562257
2611.125,72.52139678,11.0,2.584,126,7.91,8.21,134.9935307,0.7085059968562257
2611.25,71.79274035,10.8,2.582,124,8.41,8.69,134.6657025,0.7085059968562257
2611.375,71.22332008,10.5,2.583,119,9.14,9.43,133.9945474,0.7085059968562257
2611.5,70.8202689,10.0,2.586,116,9.94,10.26,132.9062108,0.7085059968562257
2611.625,70.68209009,9.5,2.588,115,10.56,10.94,131.6179131,0.7085059968562257
2611.75,70.33499429,9.1,2.586,117,10.79,11.25,130.2045614,0.7085059968562257
2611.875,70.13263524,9.0,2.577,120,10.6,11.13,128.817571,0.7085059968562257
2612.0,70.2470727,9.3,2.566,121,10.28,10.83,127.5530629,0.7085059968562257
2612.125,70.57767264,9.7,2.557,117,10.12,10.64,126.4496703,0.7085059968562257
2612.25,70.54773497,10.1,2.552,111,10.32,10.79,125.6293783,0.7085059968562257
2612.375,70.29950807,10.3,2.547,106,10.89,11.32,124.9248245,0.7085059968562257
2612.5,69.88276004,10.1,2.541,100,11.84,12.26,124.196935,0.7085059968562257
2612.625,69.40582644,9.5,2.538,95,12.97,13.44,123.5377348,0.7085059968562257
2612.75,68.98045696,8.6,2.537,89,14.06,14.58,122.975932,0.7085059968562257
2612.875,68.67861969,7.9,2.536,86,14.84,15.4,122.2797378,0.7085059968562257
2613.0,68.4457166,7.6,2.535,85,15.16,15.76,121.6351439,0.7085059968562257
2613.125,68.54193963,7.8,2.536,85,14.96,15.61,121.2759533,0.7085059968562257
2613.25,68.83658858,8.3,2.54,88,14.22,14.93,121.2914077,0.7085059968562257
2613.375,69.23664409,8.8,2.545,92,13.29,14.02,121.7506995,0.7085059968562257
2613.5,69.66925,9.2,2.55,97,12.47,13.19,122.6738917,0.7085059968562257
2613.625,69.92367913,9.5,2.554,101,11.97,12.67,123.9267624,0.7085059968562257
2613.75,69.87565177,9.8,2.555,104,11.75,12.44,125.232829,0.7085059968562257
2613.875,69.97596161,9.9,2.551,107,11.78,12.49,126.1976855,0.7085059968562257
2614.0,70.1634065,9.9,2.545,107,12.02,12.75,126.7058305,0.7085059968562257
2614.125,70.31943898,9.8,2.539,104,12.44,13.18,126.7708121,0.7085059968562257
2614.25,70.40325072,9.8,2.537,99,12.98,13.75,126.5138481,0.7085059968562257
2614.375,70.2515939,9.9,2.537,95,13.64,14.48,125.8795797,0.7085059968562257
2614.5,70.00473314,10.0,2.536,92,14.42,15.39,125.1405612,0.7085059968562257
2614.625,69.60319304,9.9,2.532,89,15.29,16.43,124.4507365,0.7085059968562257
2614.75,69.17916811,9.7,2.529,87,16.14,17.46,123.8375134,0.7085059968562257
2614.875,68.9227878,9.3,2.529,86,16.93,18.41,123.2584844,0.7085059968562257
2615.0,68.8396185,9.0,2.529,86,17.63,19.21,122.6908171,0.7085059968562257
2615.125,68.49003012,9.3,2.526,85,18.19,19.8,122.2549791,0.7085059968562257
2615.25,68.27727697,10.5,2.518,83,18.45,20.03,121.7931701,0.7085059968562257
2615.375,68.47705262,12.6,2.514,81,18.04,19.58,121.4234073,0.7085059968562257
2615.5,69.16604902,14.5,2.517,81,16.76,18.22,121.267303,0.7085059968562257
2615.625,70.13331056,15.3,2.525,87,14.74,16.09,121.38444,0.7085059968562257
2615.75,69.8135107,15.2,2.532,97,12.96,14.1,121.6204144,0.7085059968562257
2615.875,68.36673602,15.0,2.542,107,12.19,13.07,122.0024657,0.7085059968562257
2616.0,67.05944606,15.0,2.56,110,12.66,13.31,122.3059978,0.7085059968562257
2616.125,66.14074009,15.3,2.583,103,13.69,14.15,122.4610098,0.7085059968562257
2616.25,65.5728874,15.6,2.606,93,14.72,15.06,122.5058287,0.7085059968562257
2616.375,65.84716562,15.7,2.62,88,15.09,15.41,122.6040899,0.7085059968562257
2616.5,66.39168051,15.6,2.624,93,14.39,14.77,123.2729446,0.7085059968562257
2616.625,67.63112008,15.6,2.622,103,12.51,13.0,124.6223785,0.7085059968562257
2616.75,70.02283786,15.5,2.619,112,10.12,10.68,126.7177439,0.7085059968562257
2616.875,73.14250643,15.5,2.617,119,8.14,8.66,129.55094,0.7085059968562257
2617.0,75.71122362,15.6,2.617,127,6.96,7.41,132.9900837,0.7085059968562257
2617.125,76.26995066,15.6,2.62,135,6.38,6.8,136.1581447,0.7085059968562257
2617.25,76.26255833,15.3,2.624,139,6.15,6.56,138.5218183,0.7085059968562257
2617.375,76.14843386,14.5,2.628,139,6.23,6.62,139.8388717,0.7085059968562257
2617.5,75.79698392,13.6,2.628,136,6.58,6.96,139.9887334,0.7085059968562257
2617.625,74.98473609,12.7,2.624,132,7.09,7.48,139.0684883,0.7085059968562257
2617.75,73.69126496,11.8,2.618,128,7.68,8.09,137.500739,0.7085059968562257
2617.875,72.14801726,11.1,2.613,126,8.26,8.7,135.91259,0.7085059968562257
2618.0,71.31440105,10.6,2.613,124,8.76,9.22,134.6287589,0.7085059968562257
2618.125,71.3226124,10.3,2.617,121,9.0,9.43,133.8734502,0.7085059968562257
2618.25,72.24277861,10.4,2.62,121,8.82,9.23,133.7849625,0.7085059968562257
2618.375,74.0456622,10.9,2.618,126,8.18,8.55,134.4647201,0.7085059968562257
2618.5,76.21495354,12.2,2.61,136,7.19,7.54,136.4534833,0.7085059968562257
2618.625,77.8427416,13.9,2.596,145,6.15,6.47,139.096023,0.7085059968562257
2618.75,80.99762244,15.7,2.572,148,5.32,5.61,142.0428635,0.7085059968562257
2618.875,83.00583248,16.7,2.543,147,4.88,5.11,144.8702671,0.7085059968562257
2619.0,82.50585499,16.8,2.528,145,4.82,4.98,147.1534129,0.7085059968562257
2619.125,82.64775131,16.4,2.544,142,5.04,5.15,148.5417823,0.7085059968562257
2619.25,82.08234449,15.9,2.58,139,5.34,5.43,148.6411528,0.7085059968562257
2619.375,81.81123917,15.7,2.606,137,5.55,5.65,148.3992443,0.7085059968562257
2619.5,82.03588917,15.8,2.578,139,5.5,5.63,148.3746821,0.7085059968562257
2619.625,82.50985197,16.3,2.499,144,5.24,5.4,149.0086719,0.7085059968562257
2619.75,82.85874291,16.7,2.394,150,4.88,5.06,150.6121644,0.7085059968562257
2619.875,83.47537677,17.2,2.28,153,4.59,4.79,153.4746152,0.7085059968562257
2620.0,83.45915886,17.4,2.169,153,4.45,4.64,156.7547085,0.7085059968562257
2620.125,83.29566476,17.3,2.116,151,4.49,4.66,159.8157787,0.7085059968562257
2620.25,82.71327802,17.0,2.136,148,4.7,4.83,162.0787509,0.7085059968562257
2620.375,81.39850984,16.5,2.197,145,5.01,5.1,163.0570528,0.7085059968562257
2620.5,79.22205518,16.1,2.283,142,5.39,5.42,162.4346749,0.7085059968562257
2620.625,78.3174456,15.5,2.399,137,5.82,5.79,160.009396,0.7085059968562257
2620.75,76.8259563,14.9,2.524,133,6.29,6.2,156.7314929,0.7085059968562257
2620.875,75.47106621,14.2,2.606,131,6.71,6.6,153.0499821,0.7085059968562257
2621.0,74.59199652,13.6,2.633,131,6.99,6.9,149.2550346,0.7085059968562257
2621.125,74.15205787,12.9,2.628,132,7.17,7.09,145.5542295,0.7085059968562257
2621.25,73.47308806,12.3,2.618,134,7.3,7.23,142.169551,0.7085059968562257
2621.375,72.8359561,11.9,2.612,135,7.49,7.41,139.1285785,0.7085059968562257
2621.5,71.89169469,11.6,2.611,136,7.83,7.73,136.6243112,0.7085059968562257
2621.625,70.9262416,11.4,2.61,134,8.43,8.26,134.7855366,0.7085059968562257
2621.75,70.26993438,11.1,2.61,130,9.16,8.93,133.6331591,0.7085059968562257
2621.875,70.15502382,10.7,2.61,125,9.73,9.46,133.0803116,0.7085059968562257
2622.0,70.21694967,10.5,2.609,121,9.84,9.59,133.1397768,0.7085059968562257
2622.125,70.60084075,10.5,2.606,121,9.51,9.32,133.5101588,0.7085059968562257
2622.25,71.37977224,10.8,2.601,126,8.87,8.76,134.0848549,0.7085059968562257
2622.375,72.58487133,11.3,2.599,134,8.17,8.1,134.7657969,0.7085059968562257
2622.5,74.05223885,11.9,2.602,141,7.53,7.49,135.4450764,0.7085059968562257
2622.625,75.14607087,12.3,2.608,144,7.1,7.05,135.9893677,0.7085059968562257
2622.75,75.46772979,12.6,2.61,145,6.88,6.81,135.9497392,0.7085059968562257
2622.875,75.50134449,12.8,2.607,147,6.83,6.75,135.2941161,0.7085059968562257
2623.0,75.19193937,12.9,2.603,147,6.96,6.86,133.9406695,0.7085059968562257
2623.125,74.43476549,12.8,2.6,146,7.29,7.17,131.8720009,0.7085059968562257
2623.25,73.16599232,12.6,2.601,141,7.85,7.69,129.1747735,0.7085059968562257
2623.375,71.77302972,12.2,2.603,133,8.53,8.36,126.3296291,0.7085059968562257
2623.5,70.47388471,11.5,2.604,126,9.25,9.08,123.2121337,0.7085059968562257
2623.625,69.09441102,10.5,2.602,120,10.02,9.9,120.2697491,0.7085059968562257
2623.75,67.87030906,9.6,2.598,116,11.04,10.93,117.6397433,0.7085059968562257
2623.875,66.84972867,8.7,2.594,110,12.48,12.3,115.3971964,0.7085059968562257
2624.0,65.44528314,8.0,2.592,103,14.5,14.19,113.6777902,0.7085059968562257
2624.125,64.81926516,7.2,2.589,94,17.07,16.58,113.2647098,0.7085059968562257
2624.25,64.50559147,6.4,2.584,88,19.66,19.03,113.7365717,0.7085059968562257
2624.375,64.74732402,6.0,2.578,85,20.73,20.11,115.1428596,0.7085059968562257
2624.5,65.40483898,6.2,2.572,88,19.47,19.01,117.3365098,0.7085059968562257
2624.625,66.08367756,6.7,2.566,96,16.32,16.12,119.9927516,0.7085059968562257
2624.75,66.56645315,7.6,2.564,107,13.09,13.11,122.580268,0.7085059968562257
2624.875,67.42937717,8.7,2.569,116,10.88,11.03,125.0355055,0.7085059968562257
2625.0,68.58571529,9.8,2.582,121,9.75,9.95,127.3608383,0.7085059968562257
2625.125,70.16728182,10.7,2.595,122,9.22,9.44,129.7080592,0.7085059968562257
2625.25,72.06559961,11.3,2.593,122,8.9,9.17,132.3557742,0.7085059968562257
2625.375,73.74459239,11.8,2.554,125,8.39,8.74,135.7057181,0.7085059968562257
2625.5,75.5926895,12.6,2.483,130,7.49,7.93,139.9852457,0.7085059968562257
2625.625,77.96726949,13.9,2.413,137,6.43,6.92,144.9700762,0.7085059968562257
2625.75,80.45146942,15.6,2.368,143,5.58,6.08,150.204673,0.7085059968562257
2625.875,82.43265413,17.3,2.324,147,5.07,5.55,155.1059865,0.7085059968562257
2626.0,83.38719665,18.6,2.298,149,4.86,5.28,159.0830354,0.7085059968562257
2626.125,83.46421437,19.0,2.319,149,4.89,5.27,161.5935341,0.7085059968562257
2626.25,82.41047717,19.0,2.369,146,5.05,5.43,162.4356424,0.7085059968562257
2626.375,81.35776102,19.0,2.431,142,5.25,5.66,161.9550571,0.7085059968562257
2626.5,80.37271424,18.8,2.49,138,5.45,5.88,160.4887369,0.7085059968562257
2626.625,79.40433209,18.3,2.543,137,5.65,6.08,158.2167369,0.7085059968562257
2626.75,78.41177205,17.3,2.581,138,5.94,6.35,155.0598392,0.7085059968562257
2626.875,76.74100433,15.9,2.598,138,6.49,6.85,150.5482742,0.7085059968562257
2627.0,74.67735702,14.5,2.601,137,7.52,7.81,145.348787,0.7085059968562257
2627.125,71.80576673,13.1,2.598,134,9.38,9.53,139.7679217,0.7085059968562257
2627.25,68.97039062,11.6,2.596,127,11.84,11.85,134.404903,0.7085059968562257
2627.375,67.2193147,10.1,2.593,116,14.15,14.12,129.8791543,0.7085059968562257
2627.5,66.55166378,9.0,2.589,105,15.24,15.32,126.5375368,0.7085059968562257
2627.625,66.08413891,8.3,2.585,99,14.94,15.17,124.6427486,0.7085059968562257
2627.75,65.70224521,8.1,2.584,102,13.66,14.02,123.6381486,0.7085059968562257
2627.875,65.94777205,8.1,2.585,110,12.31,12.7,123.1171616,0.7085059968562257
2628.0,66.85969337,8.4,2.587,114,11.48,11.79,122.8237327,0.7085059968562257
2628.125,67.88536896,8.8,2.586,111,11.35,11.55,122.6615682,0.7085059968562257
2628.25,68.23928957,9.0,2.582,105,11.74,11.85,122.3048589,0.7085059968562257
2628.375,68.1687231,9.0,2.576,102,12.3,12.39,121.6342755,0.7085059968562257
2628.5,67.84412336,9.0,2.568,104,12.79,12.9,120.6935275,0.7085059968562257
2628.625,67.49201594,9.0,2.56,105,13.24,13.35,119.7083447,0.7085059968562257
2628.75,67.27285919,9.1,2.553,102,14.1,14.14,118.9667858,0.7085059968562257
2628.875,67.12505735,8.9,2.551,96,16.01,15.93,118.7552536,0.7085059968562257
2629.0,66.96202067,8.4,2.553,90,18.45,18.27,119.7250138,0.7085059968562257
2629.125,66.93164298,7.8,2.557,86,20.01,19.88,121.7366139,0.7085059968562257
2629.25,67.57596286,7.4,2.565,89,19.14,19.2,124.4141267,0.7085059968562257
2629.375,68.8144,7.6,2.576,96,16.34,16.61,127.360225,0.7085059968562257
2629.5,70.09520197,8.4,2.589,107,12.84,13.26,130.1924802,0.7085059968562257
2629.625,71.26695394,9.8,2.598,119,10.02,10.51,132.3885104,0.7085059968562257
2629.75,72.18835098,11.3,2.6,127,8.27,8.75,133.6384079,0.7085059968562257
2629.875,72.18320709,12.4,2.596,131,7.64,8.02,134.3442275,0.7085059968562257
2630.0,71.78425367,12.7,2.59,129,7.93,8.19,134.8017823,0.7085059968562257
2630.125,71.63368563,12.4,2.586,124,8.8,8.95,135.2655301,0.7085059968562257
2630.25,71.96742907,11.9,2.583,119,9.74,9.85,135.9107893,0.7085059968562257
2630.375,72.59840965,11.7,2.582,118,10.09,10.22,137.265132,0.7085059968562257
2630.5,75.54023858,11.7,2.583,120,9.62,9.82,138.8403789,0.7085059968562257
2630.625,76.80941903,12.2,2.586,128,8.48,8.74,140.3457806,0.7085059968562257
2630.75,76.49313458,13.0,2.591,137,7.25,7.56,141.5374125,0.7085059968562257
2630.875,76.85669528,14.0,2.598,144,6.3,6.64,142.206101,0.7085059968562257
2631.0,77.24317822,14.7,2.608,146,5.9,6.24,142.0075281,0.7085059968562257
2631.125,76.76427933,14.9,2.617,143,6.06,6.36,141.1065793,0.7085059968562257
2631.25,75.86544094,14.3,2.622,138,6.64,6.86,139.8675504,0.7085059968562257
2631.375,74.86247644,13.5,2.621,133,7.29,7.45,138.555928,0.7085059968562257
2631.5,74.0876103,12.6,2.616,130,7.76,7.91,137.4067531,0.7085059968562257
2631.625,73.86187539,12.0,2.611,130,7.92,8.08,136.5977791,0.7085059968562257
2631.75,73.64017264,11.8,2.608,132,7.77,7.96,136.3167752,0.7085059968562257
2631.875,73.91454934,12.0,2.611,135,7.44,7.65,136.446216,0.7085059968562257
2632.0,74.22884882,12.3,2.617,138,7.14,7.35,136.998947,0.7085059968562257
2632.125,74.31081791,12.7,2.626,140,7.06,7.24,137.7654719,0.7085059968562257
2632.25,74.0412395,13.0,2.636,140,7.2,7.36,138.454386,0.7085059968562257
2632.375,73.47152165,13.2,2.647,138,7.49,7.64,138.8728571,0.7085059968562257
2632.5,72.61662165,13.2,2.656,136,7.8,7.93,138.9919474,0.7085059968562257
2632.625,72.07210984,13.0,2.658,135,8.09,8.17,138.3785657,0.7085059968562257
2632.75,71.64440354,12.7,2.649,134,8.34,8.4,137.2339305,0.7085059968562257
2632.875,71.17502533,12.2,2.634,133,8.62,8.68,135.761956,0.7085059968562257
2633.0,70.68268707,11.7,2.618,132,8.98,9.07,134.0497401,0.7085059968562257
2633.125,70.55284783,11.2,2.605,129,9.39,9.48,131.9733785,0.7085059968562257
2633.25,70.55418373,10.9,2.597,125,9.74,9.83,130.0207505,0.7085059968562257
2633.375,70.41206476,10.7,2.592,123,9.94,10.01,128.2459544,0.7085059968562257
2633.5,69.95950079,10.5,2.588,124,10.04,10.09,126.6899715,0.7085059968562257
2633.625,69.20599396,10.3,2.584,125,10.11,10.15,125.3915873,0.7085059968562257
2633.75,68.52653202,9.9,2.581,123,10.2,10.22,124.4262001,0.7085059968562257
2633.875,68.70137421,9.5,2.578,120,10.34,10.34,123.8411171,0.7085059968562257
2634.0,68.90908917,9.1,2.573,117,10.55,10.53,123.3001479,0.7085059968562257
2634.125,68.7157311,8.8,2.569,115,10.84,10.81,122.8793066,0.7085059968562257
2634.25,68.1725752,8.7,2.566,114,11.22,11.19,122.5903215,0.7085059968562257
2634.375,67.71771214,8.7,2.563,113,11.73,11.72,122.3818697,0.7085059968562257
2634.5,67.42153432,8.9,2.562,111,12.37,12.43,122.4404327,0.7085059968562257
2634.625,67.59663996,9.0,2.564,108,13.07,13.21,123.0895675,0.7085059968562257
2634.75,68.04959705,9.0,2.57,105,13.68,13.87,124.179593,0.7085059968562257
2634.875,68.58961594,9.2,2.577,104,13.92,14.13,125.853814,0.7085059968562257
2635.0,69.18016516,9.5,2.583,106,13.52,13.77,128.1699156,0.7085059968562257
2635.125,70.13677605,10.1,2.591,112,12.34,12.64,130.867012,0.7085059968562257
2635.25,72.45508353,10.7,2.597,122,10.7,11.04,133.6405759,0.7085059968562257
2635.375,74.97469705,11.4,2.599,135,8.99,9.33,136.034488,0.7085059968562257
2635.5,76.85641227,12.2,2.59,146,7.52,7.84,137.6024505,0.7085059968562257
2635.625,77.98617028,13.2,2.575,150,6.39,6.69,138.0851079,0.7085059968562257
2635.75,78.58514173,14.2,2.559,147,5.71,5.98,137.3824266,0.7085059968562257
2635.875,77.37418373,14.9,2.554,141,5.67,5.88,135.2465178,0.7085059968562257
2636.0,75.57420787,14.9,2.561,135,6.34,6.47,132.2405673,0.7085059968562257
2636.125,72.64315965,14.0,2.575,128,7.92,7.94,129.147339,0.7085059968562257
2636.25,69.6688727,12.4,2.589,119,10.35,10.26,126.5319589,0.7085059968562257
2636.375,67.8463269,10.8,2.597,110,12.96,12.81,124.9002896,0.7085059968562257
2636.5,67.85444508,9.8,2.597,106,14.49,14.4,124.6741661,0.7085059968562257
2636.625,69.12322789,9.5,2.587,112,14.08,14.12,126.7017252,0.7085059968562257
2636.75,71.56090072,9.8,2.563,127,11.97,12.15,129.8625217,0.7085059968562257
2636.875,74.92855787,10.7,2.526,143,9.2,9.47,133.6434384,0.7085059968562257
2637.0,77.46855774,12.0,2.495,153,6.99,7.29,137.5777236,0.7085059968562257
2637.125,77.71516706,13.5,2.486,158,5.67,5.98,141.2103865,0.7085059968562257
2637.25,79.14643346,14.9,2.508,158,5.18,5.46,143.8480177,0.7085059968562257
2637.375,79.47369396,15.8,2.546,156,5.18,5.4,145.7407981,0.7085059968562257
2637.5,79.29047835,16.3,2.578,153,5.44,5.62,147.4318129,0.7085059968562257
2637.625,78.95013583,16.5,2.587,149,5.72,5.86,149.1356311,0.7085059968562257
2637.75,78.80527159,16.5,2.575,147,5.81,5.96,151.0902249,0.7085059968562257
2637.875,79.19415807,16.5,2.552,147,5.66,5.82,153.5740794,0.7085059968562257
2638.0,80.35828209,16.4,2.531,147,5.37,5.56,156.4213563,0.7085059968562257
2638.125,81.47674134,16.4,2.519,149,5.06,5.26,158.7716384,0.7085059968562257
2638.25,82.12933366,16.7,2.521,151,4.83,5.03,160.3489817,0.7085059968562257
2638.375,82.18155709,16.7,2.533,153,4.71,4.89,160.8149738,0.7085059968562257
2638.5,81.62701437,16.3,2.553,153,4.73,4.89,159.9228545,0.7085059968562257
2638.625,80.38168957,15.6,2.575,151,4.95,5.08,157.6529234,0.7085059968562257
2638.75,78.43746654,14.8,2.595,147,5.35,5.44,154.1722681,0.7085059968562257
2638.875,76.39003812,14.1,2.611,142,5.96,5.99,150.2086337,0.7085059968562257
2639.0,74.58921214,13.4,2.622,138,6.76,6.69,146.1103043,0.7085059968562257
2639.125,72.9530002,12.9,2.628,135,7.61,7.44,142.1000156,0.7085059968562257
2639.25,71.09512703,12.6,2.63,134,8.33,8.12,138.3215558,0.7085059968562257
2639.375,70.28574383,12.3,2.629,132,8.76,8.56,135.6218347,0.7085059968562257
2639.5,70.22870295,11.9,2.628,131,8.86,8.69,133.652403,0.7085059968562257
2639.625,70.60380545,11.3,2.627,131,8.67,8.52,132.4577251,0.7085059968562257
2639.75,71.05068556,11.0,2.626,133,8.32,8.19,132.0702107,0.7085059968562257
2639.875,71.3276065,10.9,2.624,134,7.96,7.84,132.344338,0.7085059968562257
2640.0,71.54930925,11.0,2.621,134,7.74,7.6,132.7773268,0.7085059968562257
2640.125,71.64988753,11.4,2.618,133,7.72,7.54,133.4747091,0.7085059968562257
2640.25,71.37381161,12.0,2.619,132,7.9,7.68,134.0031352,0.7085059968562257
2640.375,71.04915722,12.6,2.624,130,8.2,7.95,134.2320272,0.7085059968562257
2640.5,70.8622397,12.7,2.63,129,8.53,8.24,134.2325674,0.7085059968562257
2640.625,70.8236498,12.3,2.635,127,8.78,8.49,134.1704545,0.7085059968562257
2640.75,70.80519508,11.7,2.634,126,8.91,8.66,133.7199132,0.7085059968562257
2640.875,70.72588091,11.1,2.631,125,8.98,8.75,133.1604207,0.7085059968562257
2641.0,70.7193937,10.9,2.629,124,9.05,8.85,132.4978469,0.7085059968562257
2641.125,70.6595166,10.9,2.628,123,9.23,9.05,131.6520942,0.7085059968562257
2641.25,70.52962198,10.9,2.624,122,9.5,9.34,130.6296549,0.7085059968562257
2641.375,70.63928406,10.7,2.616,120,9.82,9.68,129.6308852,0.7085059968562257
2641.5,70.67601306,10.5,2.605,117,10.11,9.98,128.7382737,0.7085059968562257
2641.625,70.48755984,10.4,2.599,114,10.29,10.2,127.9229991,0.7085059968562257
2641.75,70.36855846,10.5,2.602,112,10.37,10.31,127.1608872,0.7085059968562257
2641.875,70.4054626,10.5,2.61,112,10.45,10.41,126.4650902,0.7085059968562257
2642.0,70.54491857,10.5,2.615,114,10.64,10.6,125.8056488,0.7085059968562257
2642.125,70.79598484,10.4,2.611,117,11.05,10.99,124.7647203,0.7085059968562257
2642.25,70.46087133,10.4,2.597,118,11.71,11.62,123.6522386,0.7085059968562257
2642.375,69.64272848,10.4,2.581,117,12.75,12.58,122.5447792,0.7085059968562257
2642.5,68.67166496,10.3,2.569,115,14.25,14.0,121.2762565,0.7085059968562257
2642.625,67.83486293,9.9,2.561,110,16.03,15.73,119.8217171,0.7085059968562257
2642.75,67.24984954,9.3,2.559,102,17.61,17.35,118.4191121,0.7085059968562257
2642.875,66.66758248,8.7,2.562,94,18.63,18.43,116.9922748,0.7085059968562257
2643.0,65.60133018,8.4,2.566,88,19.16,18.99,115.4853936,0.7085059968562257
2643.125,64.77087913,8.3,2.567,88,19.36,19.22,114.0970418,0.7085059968562257
2643.25,64.28120059,8.1,2.566,89,19.59,19.47,112.9639008,0.7085059968562257
2643.375,63.93507703,7.7,2.563,90,20.6,20.39,112.1695534,0.7085059968562257
2643.5,63.62421745,7.1,2.563,86,23.24,22.76,111.7710954,0.7085059968562257
2643.625,62.44542559,6.6,2.568,81,25.58,24.92,112.1328321,0.7085059968562257
2643.75,61.82172972,6.1,2.581,77,24.66,24.08,113.2625401,0.7085059968562257
2643.875,61.96350787,5.9,2.6,75,19.59,19.3,115.1559519,0.7085059968562257
2644.0,62.72723228,6.0,2.621,77,13.52,13.5,117.8065575,0.7085059968562257
2644.125,63.76284803,6.6,2.634,84,9.56,9.66,121.2061135,0.7085059968562257
2644.25,65.35832047,7.5,2.638,96,7.95,8.08,125.1380361,0.7085059968562257
2644.375,67.39786988,8.8,2.636,111,7.11,7.27,129.0921051,0.7085059968562257
2644.5,69.49930492,10.3,2.633,124,6.47,6.63,132.9383246,0.7085059968562257
2644.625,71.90068084,11.9,2.632,133,6.13,6.26,136.4736566,0.7085059968562257
2644.75,74.55760177,13.3,2.631,137,6.05,6.18,139.5253069,0.7085059968562257
2644.875,75.90906175,14.1,2.629,139,6.04,6.21,142.0495031,0.7085059968562257
2645.0,76.26785741,14.7,2.626,141,5.95,6.17,144.2652965,0.7085059968562257
2645.125,77.19015138,15.1,2.624,146,5.81,6.06,146.1519746,0.7085059968562257
2645.25,78.2203,15.5,2.622,150,5.66,5.94,147.8174917,0.7085059968562257
2645.375,79.03433491,15.7,2.621,152,5.51,5.8,149.3001776,0.7085059968562257
2645.5,79.60215709,16.1,2.623,153,5.35,5.65,150.5549295,0.7085059968562257
2645.625,80.01964396,16.6,2.629,154,5.22,5.51,151.4576526,0.7085059968562257
2645.75,80.30041955,17.1,2.634,156,5.14,5.42,152.0747468,0.7085059968562257
2645.875,80.49574409,17.2,2.635,159,5.11,5.37,152.2806937,0.7085059968562257
2646.0,80.70865289,16.8,2.633,160,5.1,5.34,152.0875136,0.7085059968562257
2646.125,80.91546982,16.4,2.632,159,5.08,5.29,151.5338709,0.7085059968562257
2646.25,80.77734646,16.1,2.631,155,5.04,5.23,150.5959608,0.7085059968562257
2646.375,79.88514626,15.7,2.629,152,5.03,5.18,149.1064878,0.7085059968562257
2646.5,79.02199993,15.3,2.627,150,5.07,5.19,147.4619081,0.7085059968562257
2646.625,78.18291457,14.6,2.625,149,5.22,5.3,145.7293841,0.7085059968562257
2646.75,77.17699692,14.0,2.624,146,5.5,5.53,143.9312098,0.7085059968562257
2646.875,75.84767283,13.5,2.625,143,5.91,5.88,142.0839154,0.7085059968562257
2647.0,75.00958228,13.1,2.629,138,6.37,6.29,140.3619665,0.7085059968562257
2647.125,73.9012727,12.7,2.636,133,6.78,6.69,138.5921499,0.7085059968562257
2647.25,72.94617461,12.4,2.641,130,7.11,7.03,137.0438722,0.7085059968562257
2647.375,72.14570591,12.1,2.643,130,7.41,7.33,135.8305022,0.7085059968562257
2647.5,71.34284173,11.9,2.642,132,7.77,7.67,135.0437978,0.7085059968562257
2647.625,70.28012211,11.8,2.643,133,8.25,8.11,134.7903777,0.7085059968562257
2647.75,69.55776319,11.7,2.646,130,8.77,8.56,135.3874906,0.7085059968562257
2647.875,69.28569613,11.5,2.65,125,9.19,8.89,136.0678151,0.7085059968562257
2648.0,69.40473832,11.2,2.652,121,9.33,8.97,136.7588442,0.7085059968562257
2648.125,69.65917618,10.9,2.649,122,9.12,8.76,137.2982648,0.7085059968562257
2648.25,69.95642454,11.0,2.642,127,8.59,8.29,137.5214462,0.7085059968562257
2648.375,71.51629987,11.5,2.634,133,7.91,7.68,137.4282703,0.7085059968562257
2648.5,72.84158917,12.4,2.631,137,7.33,7.13,137.1721236,0.7085059968562257
2648.625,73.70503615,13.2,2.632,140,7.01,6.8,136.7615635,0.7085059968562257
2648.75,74.02505945,13.4,2.634,139,7.03,6.77,136.3172827,0.7085059968562257
2648.875,73.70164429,13.1,2.635,136,7.31,6.97,135.8641244,0.7085059968562257
2649.0,72.63981457,12.5,2.633,135,7.73,7.32,135.2808288,0.7085059968562257
2649.125,72.48676339,12.0,2.63,135,8.09,7.68,134.6532862,0.7085059968562257
2649.25,72.40449547,11.6,2.629,134,8.3,7.93,134.1830986,0.7085059968562257
2649.375,72.24190302,11.4,2.627,131,8.33,8.01,133.7844451,0.7085059968562257
2649.5,71.94956306,11.4,2.625,129,8.29,8.0,133.4471504,0.7085059968562257
2649.625,71.58606594,11.5,2.624,127,8.25,7.99,133.2273388,0.7085059968562257
2649.75,71.41652854,11.4,2.626,125,8.28,8.01,133.3096058,0.7085059968562257
2649.875,71.90081299,11.2,2.628,124,8.36,8.07,133.6582023,0.7085059968562257
2650.0,72.15515295,11.2,2.629,123,8.43,8.13,134.225887,0.7085059968562257
2650.125,72.31972854,11.2,2.63,125,8.39,8.08,135.0309795,0.7085059968562257
2650.25,72.57630269,11.2,2.63,128,8.18,7.87,135.925759,0.7085059968562257
2650.375,73.03845236,11.4,2.631,132,7.78,7.49,136.6043638,0.7085059968562257
2650.5,73.88179226,11.6,2.631,136,7.34,7.07,136.8120409,0.7085059968562257
2650.625,74.5631023,11.8,2.632,138,6.99,6.73,136.5666105,0.7085059968562257
2650.75,74.79409094,11.7,2.632,139,6.85,6.57,135.7810758,0.7085059968562257
2650.875,74.47099718,11.4,2.631,139,6.96,6.65,134.605149,0.7085059968562257
2651.0,73.65114987,11.0,2.63,138,7.32,6.95,133.2398579,0.7085059968562257
2651.125,72.59537559,10.5,2.629,137,7.97,7.55,131.7704518,0.7085059968562257
2651.25,71.55588694,10.1,2.63,135,8.84,8.39,130.4712186,0.7085059968562257
2651.375,70.30945157,9.8,2.631,132,9.78,9.31,129.7990467,0.7085059968562257
2651.5,69.35212717,9.6,2.627,129,10.45,9.95,129.9047069,0.7085059968562257
2651.625,69.0929002,9.5,2.621,127,10.54,10.05,130.8947966,0.7085059968562257
2651.75,69.77309147,9.7,2.614,126,9.91,9.5,132.8255746,0.7085059968562257
2651.875,71.50357047,10.2,2.611,129,8.77,8.49,135.7136159,0.7085059968562257
2652.0,73.56468793,11.1,2.609,136,7.53,7.37,139.1681323,0.7085059968562257
2652.125,75.84670564,12.3,2.609,146,6.49,6.4,142.6859072,0.7085059968562257
2652.25,78.13814311,13.6,2.612,152,5.76,5.71,146.0576329,0.7085059968562257
2652.375,80.12411837,14.6,2.618,155,5.33,5.29,149.07939,0.7085059968562257
2652.5,81.36788478,15.1,2.623,154,5.18,5.12,151.4363454,0.7085059968562257
2652.625,81.90032992,15.3,2.627,153,5.2,5.12,152.6830344,0.7085059968562257
2652.75,81.56918084,15.5,2.629,151,5.32,5.24,152.9854946,0.7085059968562257
2652.875,80.68634948,15.6,2.633,148,5.51,5.45,152.3129463,0.7085059968562257
2653.0,79.56214272,15.4,2.639,145,5.75,5.7,150.8525622,0.7085059968562257
2653.125,78.47489068,14.7,2.645,142,6.02,5.99,148.8838808,0.7085059968562257
2653.25,77.68830932,13.8,2.646,139,6.28,6.28,146.3700192,0.7085059968562257
2653.375,76.12160551,13.0,2.644,136,6.51,6.52,143.9716935,0.7085059968562257
2653.5,75.44442559,12.6,2.64,133,6.69,6.71,141.7904576,0.7085059968562257
2653.625,75.19639049,12.5,2.639,131,6.84,6.85,139.847478,0.7085059968562257
2653.75,74.86628406,12.6,2.64,129,7.0,6.97,138.2206439,0.7085059968562257
2653.875,74.47806385,12.8,2.644,128,7.17,7.11,137.0852054,0.7085059968562257
2654.0,73.94599364,12.7,2.646,130,7.34,7.26,136.2694245,0.7085059968562257
2654.125,73.43607697,12.5,2.644,131,7.5,7.41,135.7383819,0.7085059968562257
2654.25,72.75469154,12.3,2.638,133,7.63,7.53,135.4204452,0.7085059968562257
2654.375,72.01715906,12.4,2.632,133,7.78,7.65,135.212476,0.7085059968562257
2654.5,71.49246496,12.6,2.63,134,7.94,7.78,135.0159947,0.7085059968562257
2654.625,71.4578521,12.5,2.633,134,8.11,7.92,134.8120085,0.7085059968562257
2654.75,71.59912762,12.2,2.636,135,8.25,8.04,134.4553147,0.7085059968562257
2654.875,71.80718012,12.0,2.638,136,8.4,8.17,133.9022882,0.7085059968562257
2655.0,71.9367082,12.0,2.638,138,8.54,8.3,133.1933224,0.7085059968562257
2655.125,71.85944606,12.1,2.636,139,8.65,8.4,132.3741885,0.7085059968562257
2655.25,71.50785591,12.1,2.635,137,8.68,8.45,131.4915024,0.7085059968562257
2655.375,71.23226535,12.0,2.631,135,8.64,8.43,130.8812661,0.7085059968562257
2655.5,71.07042651,11.9,2.626,135,8.52,8.35,130.5536571,0.7085059968562257
2655.625,71.09584449,11.8,2.622,137,8.36,8.22,130.4784833,0.7085059968562257
2655.75,71.16119902,11.6,2.622,139,8.21,8.1,130.670101,0.7085059968562257
2655.875,71.1130668,11.4,2.623,138,8.18,8.06,131.1216157,0.7085059968562257
2656.0,71.03908386,11.6,2.624,136,8.29,8.18,131.743663,0.7085059968562257
2656.125,71.50678005,12.2,2.625,134,8.43,8.31,132.6553032,0.7085059968562257
2656.25,72.40368031,12.6,2.623,134,8.39,8.29,133.9404139,0.7085059968562257
2656.375,73.3906565,12.7,2.616,137,8.05,7.99,135.662324,0.7085059968562257
2656.5,74.36098346,12.7,2.607,141,7.47,7.47,137.7530967,0.7085059968562257
2656.625,75.45358419,13.1,2.599,145,6.78,6.85,140.0247909,0.7085059968562257
2656.75,76.79011634,13.7,2.597,147,6.18,6.29,142.2408343,0.7085059968562257
2656.875,77.74562139,14.3,2.601,147,5.81,5.92,143.9180232,0.7085059968562257
2657.0,78.26867126,14.4,2.606,145,5.76,5.83,144.7487338,0.7085059968562257
2657.125,77.82197303,14.1,2.611,143,5.96,5.99,144.7480569,0.7085059968562257
2657.25,76.36218182,13.5,2.614,139,6.27,6.29,144.034266,0.7085059968562257
2657.375,75.20675203,12.9,2.616,137,6.6,6.64,142.6732096,0.7085059968562257
2657.5,74.77609685,12.4,2.617,136,6.9,6.98,141.3822309,0.7085059968562257
2657.625,74.45671522,12.1,2.619,134,7.16,7.26,140.1082751,0.7085059968562257
2657.75,73.78419232,11.8,2.621,131,7.39,7.5,138.8309306,0.7085059968562257
2657.875,72.92706181,11.6,2.624,128,7.64,7.74,137.5699132,0.7085059968562257
2658.0,72.40095413,11.4,2.627,128,7.93,8.01,136.2857247,0.7085059968562257
2658.125,71.91202697,11.4,2.627,129,8.22,8.29,134.2922864,0.7085059968562257
2658.25,71.63390886,11.3,2.627,128,8.53,8.56,132.2598333,0.7085059968562257
2658.375,71.23312139,11.2,2.627,125,8.89,8.87,130.1435824,0.7085059968562257
2658.5,70.62942382,11.1,2.627,122,9.37,9.27,128.0166875,0.7085059968562257
2658.625,70.02310571,11.1,2.626,119,9.92,9.74,126.0077307,0.7085059968562257
2658.75,69.97413917,11.1,2.623,115,10.5,10.26,124.2816808,0.7085059968562257
2658.875,69.90386424,10.9,2.622,111,11.11,10.81,122.5735792,0.7085059968562257
2659.0,69.05689902,10.4,2.621,108,11.75,11.38,120.995172,0.7085059968562257
2659.125,67.57362992,9.9,2.618,108,12.36,11.94,119.4503515,0.7085059968562257
2659.25,66.05545794,9.4,2.613,108,12.93,12.51,117.9161619,0.7085059968562257
2659.375,65.17358051,8.8,2.606,106,13.63,13.22,116.4280583,0.7085059968562257
2659.5,64.82048012,8.1,2.598,103,14.79,14.37,115.091116,0.7085059968562257
2659.625,64.45552671,7.4,2.594,98,16.59,16.09,114.1471013,0.7085059968562257
2659.75,63.15794764,6.7,2.603,91,19.22,18.57,113.6774671,0.7085059968562257
2659.875,61.74838524,6.2,2.628,85,22.61,21.77,113.9974569,0.7085059968562257
2660.0,60.97560105,6.0,2.66,80,25.7,24.79,115.3499097,0.7085059968562257
2660.125,61.07222598,6.2,2.684,79,26.35,25.64,117.8199728,0.7085059968562257
2660.25,62.6148769,6.7,2.687,83,23.4,23.07,121.4969741,0.7085059968562257
2660.375,65.73518274,7.5,2.673,92,18.06,18.1,126.018384,0.7085059968562257
2660.5,70.6453061,8.9,2.651,108,12.7,12.96,130.9334299,0.7085059968562257
2660.625,75.51413517,10.5,2.632,127,8.92,9.26,135.8975162,0.7085059968562257
2660.75,78.0571042,12.1,2.618,144,6.71,7.05,140.6035525,0.7085059968562257
2660.875,77.41274724,13.1,2.609,153,5.65,5.94,144.6740906,0.7085059968562257
2661.0,79.18810184,13.6,2.604,156,5.22,5.49,147.5053163,0.7085059968562257
2661.125,80.00101667,13.9,2.601,156,5.18,5.45,149.2216,0.7085059968562257
2661.25,79.83718661,14.1,2.6,156,5.28,5.59,149.8487427,0.7085059968562257
2661.375,79.2942103,14.2,2.603,155,5.39,5.74,149.4583489,0.7085059968562257
2661.5,79.1012939,13.9,2.61,152,5.49,5.85,148.1911243,0.7085059968562257
2661.625,78.0321502,13.2,2.62,148,5.63,6.0,146.5777713,0.7085059968562257
2661.75,76.80669337,12.4,2.63,145,5.87,6.24,144.7021626,0.7085059968562257
2661.875,75.5864435,11.6,2.636,142,6.22,6.59,142.7989274,0.7085059968562257
2662.0,74.39522106,11.1,2.638,138,6.61,6.99,141.1423904,0.7085059968562257
2662.125,73.33454803,10.9,2.636,136,7.0,7.38,139.9262301,0.7085059968562257
2662.25,72.83651654,11.0,2.631,137,7.29,7.66,139.1170109,0.7085059968562257
2662.375,72.72609626,11.2,2.623,139,7.35,7.71,139.1500902,0.7085059968562257
2662.5,72.87006877,11.5,2.613,140,7.11,7.45,139.8990872,0.7085059968562257
2662.625,73.65868005,12.3,2.602,143,6.63,6.95,141.1545795,0.7085059968562257
2662.75,75.11524173,13.3,2.594,145,6.1,6.4,142.6693596,0.7085059968562257
2662.875,76.88634843,14.0,2.591,150,5.65,5.92,144.1765953,0.7085059968562257
2663.0,78.2854626,14.1,2.593,155,5.36,5.6,145.2557456,0.7085059968562257
2663.125,78.89244469,13.9,2.599,160,5.26,5.47,145.4434734,0.7085059968562257
2663.25,78.34904547,13.6,2.606,162,5.39,5.55,144.8616814,0.7085059968562257
2663.375,77.38307014,13.3,2.612,158,5.7,5.81,143.6598623,0.7085059968562257
2663.5,76.60682933,13.1,2.617,150,6.1,6.17,141.9930028,0.7085059968562257
2663.625,75.78932605,12.9,2.62,142,6.47,6.54,139.954781,0.7085059968562257
2663.75,74.87117802,12.6,2.621,137,6.68,6.79,138.0482213,0.7085059968562257
2663.875,74.13182461,12.2,2.618,136,6.75,6.9,136.1872736,0.7085059968562257
2664.0,73.17426339,11.7,2.615,135,6.82,6.97,134.3686199,0.7085059968562257
2664.125,71.91910728,11.1,2.617,133,7.13,7.22,132.7256043,0.7085059968562257
2664.25,70.57776772,10.4,2.627,129,7.8,7.76,131.4292585,0.7085059968562257
2664.375,69.72376509,9.9,2.639,122,8.67,8.51,130.4214665,0.7085059968562257
2664.5,69.4354685,9.6,2.644,118,9.32,9.12,129.7961093,0.7085059968562257
2664.625,69.14018031,10.0,2.64,118,9.41,9.25,129.446248,0.7085059968562257
2664.75,68.8809206,10.8,2.631,122,8.96,8.88,129.3472856,0.7085059968562257
2664.875,68.82928209,11.5,2.625,129,8.37,8.35,129.3932544,0.7085059968562257
2665.0,69.171475,11.6,2.623,135,8.09,8.05,129.3580372,0.7085059968562257
2665.125,69.952725,11.0,2.625,137,8.45,8.29,129.2528043,0.7085059968562257
2665.25,69.45594915,10.1,2.628,132,9.42,9.08,129.4152194,0.7085059968562257
2665.375,68.8260502,9.5,2.631,124,10.55,10.07,129.5981852,0.7085059968562257
2665.5,68.41092178,9.4,2.632,119,11.08,10.59,129.927733,0.7085059968562257
2665.625,68.36847894,9.9,2.631,118,10.66,10.26,130.6445401,0.7085059968562257
2665.75,69.94746516,10.8,2.626,124,9.44,9.19,131.7025289,0.7085059968562257
2665.875,71.22502487,11.7,2.622,132,8.13,7.99,132.5536815,0.7085059968562257
2666.0,72.20924213,12.2,2.622,139,7.2,7.1,133.2897365,0.7085059968562257
2666.125,73.02202264,12.1,2.626,143,6.86,6.72,133.6096228,0.7085059968562257
2666.25,73.38262684,11.7,2.632,144,6.96,6.76,133.3318724,0.7085059968562257
2666.375,72.61079554,11.2,2.639,141,7.36,7.11,132.5164974,0.7085059968562257
2666.5,71.59537559,10.9,2.646,138,7.8,7.56,131.7613301,0.7085059968562257
2666.625,70.72301175,10.7,2.65,135,8.18,7.95,130.7368649,0.7085059968562257
2666.75,70.13129967,10.5,2.65,133,8.47,8.23,129.8560654,0.7085059968562257
2666.875,69.60210098,10.1,2.649,131,8.79,8.5,129.2961075,0.7085059968562257
2667.0,68.93676759,9.5,2.649,129,9.21,8.89,128.9974477,0.7085059968562257
2667.125,68.43102612,9.0,2.648,129,9.66,9.33,128.490968,0.7085059968562257
2667.25,68.01146614,8.7,2.645,128,9.92,9.6,128.7946254,0.7085059968562257
2667.375,68.03914462,8.8,2.638,128,9.83,9.53,129.6942858,0.7085059968562257
2667.5,68.5859082,9.3,2.632,130,9.28,9.03,131.1134577,0.7085059968562257
2667.625,69.88911535,10.1,2.631,133,8.41,8.22,132.999536,0.7085059968562257
2667.75,72.16027671,11.0,2.635,138,7.4,7.27,135.2752921,0.7085059968562257
2667.875,73.53191385,11.9,2.641,142,6.52,6.44,137.3354135,0.7085059968562257
2668.0,76.00980295,12.6,2.644,146,5.95,5.89,138.7753528,0.7085059968562257
2668.125,77.44167073,13.1,2.643,148,5.78,5.71,139.5843787,0.7085059968562257
2668.25,77.23943707,13.4,2.645,148,5.97,5.85,139.8684938,0.7085059968562257
2668.375,75.86677343,13.4,2.651,147,6.4,6.21,139.726924,0.7085059968562257
2668.5,75.03171765,13.0,2.659,144,6.93,6.7,139.1099621,0.7085059968562257
2668.625,73.00021726,12.5,2.661,140,7.4,7.15,138.3769533,0.7085059968562257
2668.75,72.27460984,12.0,2.653,137,7.69,7.46,137.8575947,0.7085059968562257
2668.875,72.41202356,12.0,2.638,137,7.69,7.51,137.5407266,0.7085059968562257
2669.0,72.82112874,12.2,2.627,139,7.45,7.33,137.5558114,0.7085059968562257
2669.125,73.04861181,12.7,2.622,140,7.12,7.04,138.098824,0.7085059968562257
2669.25,73.56796877,13.2,2.624,142,6.83,6.76,139.1354054,0.7085059968562257
2669.375,75.14697631,13.7,2.627,145,6.63,6.55,140.2193214,0.7085059968562257
2669.5,76.21014961,14.1,2.63,151,6.46,6.38,141.4178394,0.7085059968562257
2669.625,77.07936319,14.4,2.634,157,6.25,6.19,142.5951652,0.7085059968562257
2669.75,78.02398563,14.5,2.638,161,6.01,5.96,143.5897328,0.7085059968562257
2669.875,78.50454665,14.5,2.643,162,5.79,5.76,144.2882236,0.7085059968562257
2670.0,78.65355623,14.4,2.651,160,5.69,5.66,144.711458,0.7085059968562257
2670.125,78.01685597,14.3,2.661,157,5.74,5.7,144.7178237,0.7085059968562257
2670.25,77.50922894,14.2,2.667,154,5.94,5.88,144.4899807,0.7085059968562257
2670.375,77.02111378,14.1,2.666,152,6.21,6.14,144.1559994,0.7085059968562257
2670.5,76.06787073,13.9,2.661,149,6.47,6.4,143.8132394,0.7085059968562257
2670.625,75.37971457,13.6,2.657,144,6.66,6.6,143.6173732,0.7085059968562257
2670.75,75.05021654,13.4,2.657,140,6.76,6.7,143.707768,0.7085059968562257
2670.875,74.87046115,13.3,2.657,138,6.73,6.68,143.8361217,0.7085059968562257
2671.0,74.79894055,13.4,2.656,139,6.6,6.57,143.9627384,0.7085059968562257
2671.125,74.9173605,13.5,2.655,141,6.48,6.45,143.9523732,0.7085059968562257
2671.25,75.40173287,13.5,2.654,142,6.42,6.39,143.5258216,0.7085059968562257
2671.375,75.14902618,13.3,2.651,141,6.47,6.42,142.7363695,0.7085059968562257
2671.5,74.34154442,13.0,2.648,139,6.63,6.54,141.4069434,0.7085059968562257
2671.625,73.95032421,12.7,2.647,136,6.93,6.8,139.5764831,0.7085059968562257
2671.75,73.44017736,12.3,2.649,133,7.38,7.19,137.4270421,0.7085059968562257
2671.875,72.14667966,11.7,2.652,131,7.97,7.75,135.1309575,0.7085059968562257
2672.0,71.37289357,11.0,2.654,129,8.69,8.43,132.5610756,0.7085059968562257
2672.125,69.88772835,10.4,2.653,125,9.42,9.11,130.2329163,0.7085059968562257
2672.25,68.69695177,10.1,2.65,121,10.05,9.68,128.1877574,0.7085059968562257
2672.375,67.14791037,10.0,2.648,119,10.51,10.09,126.5299799,0.7085059968562257
2672.5,65.67644744,10.1,2.649,117,10.79,10.37,125.354313,0.7085059968562257
2672.625,65.82476306,10.1,2.655,117,10.92,10.52,124.7254898,0.7085059968562257
2672.75,66.1932834,10.0,2.66,117,10.98,10.61,124.6579865,0.7085059968562257
2672.875,66.83059213,9.9,2.663,117,11.14,10.76,125.1137156,0.7085059968562257
2673.0,66.97897605,9.8,2.664,118,11.35,10.97,125.8505407,0.7085059968562257
2673.125,67.18700531,10.0,2.666,120,11.36,11.01,126.7721454,0.7085059968562257
2673.25,67.99950591,10.3,2.67,121,11.03,10.75,127.8421122,0.7085059968562257
2673.375,68.75524738,10.6,2.672,122,10.38,10.19,129.0762001,0.7085059968562257
2673.5,69.37902133,10.8,2.668,124,9.6,9.51,130.5964137,0.7085059968562257
2673.625,70.25664409,11.1,2.661,127,8.8,8.8,132.5321596,0.7085059968562257
2673.75,71.54747493,11.5,2.657,131,8.06,8.11,134.8144411,0.7085059968562257
2673.875,72.99286654,12.1,2.655,137,7.45,7.53,137.2824785,0.7085059968562257
2674.0,74.1563815,12.9,2.654,142,6.96,7.07,139.7059063,0.7085059968562257
2674.125,75.97938018,13.8,2.655,146,6.57,6.7,141.6996727,0.7085059968562257
2674.25,76.90323025,14.6,2.656,150,6.28,6.42,142.8377419,0.7085059968562257
2674.375,77.55693071,14.8,2.656,153,6.1,6.25,143.2371281,0.7085059968562257
2674.5,77.94562894,14.3,2.655,153,6.05,6.18,143.0128243,0.7085059968562257
2674.625,77.8961084,13.5,2.653,152,6.1,6.22,142.2512919,0.7085059968562257
2674.75,77.17727638,12.7,2.652,151,6.25,6.35,140.9281291,0.7085059968562257
2674.875,77.10931437,12.2,2.651,149,6.4,6.48,139.0240946,0.7085059968562257
2675.0,76.33772776,12.1,2.648,147,6.52,6.58,136.6555696,0.7085059968562257
2675.125,75.38802992,12.1,2.645,146,6.68,6.71,133.8438882,0.7085059968562257
2675.25,74.19862198,11.7,2.646,144,7.08,7.08,130.7016746,0.7085059968562257
2675.375,72.29058045,10.4,2.651,139,7.98,7.94,127.4514213,0.7085059968562257
2675.5,69.13720118,8.6,2.659,126,9.87,9.67,124.6433504,0.7085059968562257
2675.625,66.31484823,7.0,2.665,112,12.6,12.13,122.7326672,0.7085059968562257
2675.75,64.51324193,6.2,2.665,101,15.25,14.52,121.9612554,0.7085059968562257
2675.875,63.77453268,6.1,2.659,100,16.22,15.45,122.5667037,0.7085059968562257
2676.0,64.00921883,6.6,2.652,107,15.03,14.43,124.5416019,0.7085059968562257
2676.125,65.14632329,7.5,2.649,120,12.22,11.94,127.5446462,0.7085059968562257
2676.25,67.42740925,8.8,2.646,134,9.38,9.35,131.251011,0.7085059968562257
2676.375,69.9272563,10.1,2.642,144,7.37,7.46,134.9760656,0.7085059968562257
2676.5,73.1463977,11.2,2.637,148,6.49,6.58,138.2770994,0.7085059968562257
2676.625,75.94912559,12.0,2.637,148,6.28,6.34,141.0005549,0.7085059968562257
2676.75,76.98730479,12.7,2.639,149,6.38,6.39,143.1799745,0.7085059968562257
2676.875,77.4252149,13.6,2.642,152,6.4,6.4,144.8841247,0.7085059968562257
2677.0,78.35835,14.7,2.643,156,6.2,6.25,146.258575,0.7085059968562257
2677.125,77.4584897,15.6,2.643,159,5.85,5.96,147.5138925,0.7085059968562257
2677.25,76.96818622,15.8,2.646,159,5.52,5.68,148.6304453,0.7085059968562257
2677.375,77.76703366,15.5,2.649,158,5.36,5.54,149.5423965,0.7085059968562257
2677.5,78.31834514,15.0,2.65,158,5.36,5.57,150.1606114,0.7085059968562257
2677.625,77.62805643,14.5,2.647,156,5.47,5.68,150.2566579,0.7085059968562257
2677.75,77.30642362,14.2,2.641,155,5.59,5.78,149.8507364,0.7085059968562257
2677.875,77.78251831,13.9,2.638,154,5.67,5.82,149.0809619,0.7085059968562257
2678.0,78.31790545,13.8,2.64,155,5.66,5.79,148.0572874,0.7085059968562257
2678.125,78.24116949,13.8,2.643,156,5.59,5.7,146.8766587,0.7085059968562257
2678.25,78.54259665,14.0,2.643,157,5.54,5.63,145.6009041,0.7085059968562257
2678.375,78.25814967,14.0,2.64,156,5.56,5.62,144.2880786,0.7085059968562257
2678.5,77.49890098,13.8,2.636,155,5.69,5.71,142.8152252,0.7085059968562257
2678.625,76.34568727,13.4,2.634,152,5.93,5.91,141.069535,0.7085059968562257
2678.75,75.05826765,13.0,2.633,150,6.24,6.2,139.0267798,0.7085059968562257
2678.875,73.98191791,12.4,2.635,147,6.62,6.56,136.7545799,0.7085059968562257
2679.0,72.73528077,11.8,2.638,143,7.05,6.97,134.3561219,0.7085059968562257
2679.125,70.98552828,11.2,2.64,138,7.53,7.42,132.119335,0.7085059968562257
2679.25,69.91894724,10.7,2.643,133,8.01,7.88,130.36666,0.7085059968562257
2679.375,69.29935322,10.3,2.645,129,8.43,8.29,129.2806919,0.7085059968562257
2679.5,68.79143031,10.3,2.648,128,8.73,8.6,128.9641391,0.7085059968562257
2679.625,68.86180433,10.4,2.647,128,8.82,8.69,129.4834961,0.7085059968562257
2679.75,69.40132165,10.9,2.641,130,8.67,8.55,130.9875454,0.7085059968562257
2679.875,70.68427454,11.5,2.633,133,8.29,8.18,133.0052098,0.7085059968562257
2680.0,72.34046752,12.1,2.629,136,7.69,7.59,135.2537189,0.7085059968562257
2680.125,74.19757684,12.7,2.632,140,7.04,6.95,137.480288,0.7085059968562257
2680.25,76.09466542,13.0,2.639,145,6.45,6.38,139.4537841,0.7085059968562257
2680.375,76.5105939,13.0,2.645,149,6.08,6.02,140.7601325,0.7085059968562257
2680.5,76.19346201,12.8,2.651,151,6.02,5.94,141.0438474,0.7085059968562257
2680.625,75.64458668,12.5,2.655,150,6.37,6.23,140.4757665,0.7085059968562257
2680.75,74.55994449,12.0,2.657,145,7.1,6.89,139.2028758,0.7085059968562257
2680.875,72.76355118,11.4,2.653,137,8.05,7.79,137.4531748,0.7085059968562257
2681.0,70.60114961,10.6,2.645,128,9.02,8.74,135.5427417,0.7085059968562257
2681.125,69.503125,9.9,2.641,123,9.67,9.42,134.3372368,0.7085059968562257
2681.25,69.77406325,9.3,2.645,123,9.77,9.58,133.967686,0.7085059968562257
2681.375,71.07251608,9.3,2.651,124,9.23,9.13,134.4754749,0.7085059968562257
2681.5,72.94622992,9.9,2.654,127,8.36,8.35,135.7447451,0.7085059968562257
2681.625,74.83222854,11.0,2.655,130,7.46,7.51,137.5039606,0.7085059968562257
2681.75,75.7812935,12.2,2.655,137,6.77,6.85,139.1949055,0.7085059968562257
2681.875,76.43272067,12.9,2.653,144,6.37,6.44,140.3940689,0.7085059968562257
2682.0,76.09744324,12.9,2.648,150,6.32,6.34,140.8871617,0.7085059968562257
2682.125,75.21558438,12.3,2.645,152,6.6,6.55,140.6058807,0.7085059968562257
2682.25,74.30223484,11.6,2.644,148,7.08,6.95,139.6523171,0.7085059968562257
2682.375,73.6480626,11.2,2.642,141,7.57,7.4,138.2983622,0.7085059968562257
2682.5,72.7843815,11.0,2.639,136,7.88,7.72,136.5769055,0.7085059968562257
2682.625,72.1782811,10.9,2.638,136,7.96,7.86,134.7336486,0.7085059968562257
2682.75,71.6421689,10.7,2.639,139,7.93,7.89,132.849619,0.7085059968562257
2682.875,71.11974121,10.3,2.64,140,7.99,8.02,130.8396644,0.7085059968562257
2683.0,70.51723701,9.8,2.638,137,8.37,8.42,128.5962366,0.7085059968562257
2683.125,69.36106903,8.9,2.636,130,9.33,9.31,126.1859676,0.7085059968562257
2683.25,67.68791404,8.0,2.637,121,10.83,10.67,123.7864976,0.7085059968562257
2683.375,66.18316437,7.4,2.644,112,12.64,12.35,121.7022713,0.7085059968562257
2683.5,65.05371365,7.1,2.653,107,14.18,13.84,120.2045176,0.7085059968562257
2683.625,64.51359462,7.2,2.659,103,14.89,14.6,119.5169271,0.7085059968562257
2683.75,64.8062372,7.5,2.658,103,14.25,14.09,119.7918856,0.7085059968562257
2683.875,66.14030873,8.1,2.651,107,12.4,12.41,121.2340608,0.7085059968562257
2684.0,67.14959049,8.9,2.64,115,10.09,10.28,123.1458313,0.7085059968562257
2684.125,68.19657047,9.6,2.632,127,8.34,8.59,125.1671728,0.7085059968562257
2684.25,69.20220741,9.6,2.632,135,7.61,7.83,126.97293,0.7085059968562257
2684.375,69.89759639,9.3,2.642,136,7.79,7.91,128.3166304,0.7085059968562257
2684.5,69.90391201,9.0,2.654,131,8.62,8.6,129.1134644,0.7085059968562257
2684.625,70.0067479,9.0,2.661,123,9.61,9.5,129.6666101,0.7085059968562257
2684.75,70.14959259,9.4,2.66,119,10.25,10.13,130.5137827,0.7085059968562257
2684.875,70.73878386,10.1,2.651,124,9.91,9.92,131.9625872,0.7085059968562257
2685.0,73.34772946,11.1,2.639,134,8.74,8.9,134.2126025,0.7085059968562257
2685.125,79.37048707,12.1,2.627,146,7.23,7.49,137.3215217,0.7085059968562257
2685.25,80.54428957,13.0,2.617,155,6.01,6.31,141.0602028,0.7085059968562257
2685.375,80.2689084,13.7,2.61,161,5.28,5.57,144.6629987,0.7085059968562257
2685.5,80.20991319,13.9,2.603,163,5.04,5.33,147.516153,0.7085059968562257
2685.625,79.85495256,13.8,2.598,163,5.16,5.45,149.1329098,0.7085059968562257
2685.75,78.63170131,13.5,2.599,159,5.53,5.8,149.2768123,0.7085059968562257
2685.875,76.99226562,13.0,2.608,154,6.09,6.3,148.0980885,0.7085059968562257
2686.0,75.73679075,12.5,2.62,146,6.69,6.85,145.6339937,0.7085059968562257
2686.125,74.47019108,12.0,2.633,139,7.23,7.37,142.922375,0.7085059968562257
2686.25,73.27611785,11.7,2.643,135,7.6,7.76,140.3617554,0.7085059968562257
2686.375,72.34744035,11.7,2.649,132,7.81,8.0,138.1650435,0.7085059968562257
2686.5,71.86758241,11.9,2.652,131,7.9,8.09,136.4025911,0.7085059968562257
2686.625,71.66417034,12.1,2.651,131,7.89,8.05,135.1706357,0.7085059968562257
2686.75,71.68259409,11.9,2.646,131,7.87,7.98,134.1451896,0.7085059968562257
2686.875,71.73776365,11.5,2.635,132,7.9,7.95,133.1948476,0.7085059968562257
2687.0,71.47262343,11.2,2.621,132,8.01,8.0,132.1445507,0.7085059968562257
2687.125,70.78089213,10.8,2.609,130,8.27,8.19,130.8754067,0.7085059968562257
2687.25,69.99844035,10.4,2.607,128,8.79,8.61,129.3833435,0.7085059968562257
2687.375,68.77575335,9.8,2.614,125,9.6,9.27,127.6951053,0.7085059968562257
2687.5,67.49847047,9.1,2.626,123,10.54,10.08,125.9886685,0.7085059968562257
2687.625,66.43279738,8.5,2.637,121,11.42,10.87,124.4932942,0.7085059968562257
2687.75,65.63124777,8.3,2.644,120,12.08,11.51,123.3323326,0.7085059968562257
2687.875,65.06901024,8.4,2.646,120,12.48,11.93,122.5632457,0.7085059968562257
2688.0,64.94105748,8.4,2.644,119,12.59,12.07,122.2840462,0.7085059968562257
2688.125,65.86276483,8.4,2.642,117,12.4,11.91,122.5881493,0.7085059968562257
2688.25,66.7861565,8.3,2.642,114,11.89,11.45,123.3598004,0.7085059968562257
2688.375,67.74517913,8.3,2.642,114,11.15,10.78,124.4870741,0.7085059968562257
2688.5,68.67860656,8.4,2.64,115,10.35,10.05,125.8466879,0.7085059968562257
2688.625,69.29967776,8.7,2.639,118,9.64,9.38,127.316977,0.7085059968562257
2688.75,70.41294875,9.1,2.638,120,9.08,8.85,128.6330039,0.7085059968562257
2688.875,71.40442329,9.3,2.639,122,8.69,8.48,129.4672715,0.7085059968562257
2689.0,71.85067972,9.3,2.642,123,8.48,8.29,129.8765496,0.7085059968562257
2689.125,71.58553832,9.2,2.646,124,8.42,8.24,129.8785292,0.7085059968562257
2689.25,70.75791706,9.0,2.648,126,8.52,8.36,129.4886518,0.7085059968562257
2689.375,70.10601417,8.8,2.649,127,8.9,8.72,128.7113388,0.7085059968562257
2689.5,69.29181634,8.6,2.649,125,9.53,9.31,127.7975593,0.7085059968562257
2689.625,68.72567598,8.3,2.651,120,10.29,10.03,127.0200923,0.7085059968562257
2689.75,68.20972776,8.1,2.653,115,10.91,10.63,126.5168508,0.7085059968562257
2689.875,67.82365781,8.1,2.656,114,11.11,10.88,126.3795764,0.7085059968562257
2690.0,67.94804049,8.3,2.656,118,10.76,10.63,126.6581958,0.7085059968562257
2690.125,68.87906083,8.7,2.655,123,10.02,10.0,127.4777496,0.7085059968562257
2690.25,69.29185741,9.0,2.654,127,9.23,9.28,128.5467929,0.7085059968562257
2690.375,69.76143005,9.3,2.654,129,8.72,8.78,129.6679463,0.7085059968562257
2690.5,70.48033996,9.5,2.656,129,8.55,8.59,130.7996531,0.7085059968562257
2690.625,71.40475,9.8,2.657,128,8.51,8.55,131.9457997,0.7085059968562257
2690.75,72.21725,10.3,2.657,127,8.34,8.41,133.1104979,0.7085059968562257
2690.875,72.80286417,11.0,2.653,129,7.98,8.09,134.3400886,0.7085059968562257
2691.0,73.10316765,11.7,2.648,134,7.5,7.67,135.7332963,0.7085059968562257
2691.125,73.72909639,12.1,2.646,141,7.04,7.25,137.2078627,0.7085059968562257
2691.25,74.56757697,12.0,2.647,145,6.68,6.91,138.6328774,0.7085059968562257
2691.375,74.9599643,11.8,2.649,146,6.54,6.78,139.836819,0.7085059968562257
2691.5,74.47505617,11.6,2.651,144,6.66,6.9,140.4675605,0.7085059968562257
2691.625,73.76756043,11.4,2.655,142,6.91,7.15,140.4412577,0.7085059968562257
2691.75,73.34529567,11.1,2.66,141,7.16,7.39,139.9317072,0.7085059968562257
2691.875,72.94658045,10.8,2.66,138,7.32,7.55,139.0800785,0.7085059968562257
2692.0,72.41295709,10.6,2.655,134,7.4,7.64,138.0475248,0.7085059968562257
2692.125,72.08831798,10.6,2.648,133,7.43,7.7,137.0050379,0.7085059968562257
2692.25,71.76294482,10.6,2.643,134,7.48,7.77,135.8615777,0.7085059968562257
2692.375,71.36858031,10.5,2.641,135,7.66,7.95,134.5513437,0.7085059968562257
2692.5,70.59996089,10.2,2.636,134,8.12,8.37,132.9509388,0.7085059968562257
2692.625,69.62798314,9.8,2.627,131,8.87,9.03,131.0664738,0.7085059968562257
2692.75,68.78898051,9.3,2.62,127,9.76,9.86,129.0062498,0.7085059968562257
2692.875,67.77265833,8.9,2.616,123,10.56,10.63,126.9692583,0.7085059968562257
2693.0,67.31017264,8.6,2.615,120,11.19,11.25,125.1780152,0.7085059968562257
2693.125,67.10585768,8.4,2.615,118,11.62,11.67,123.6539996,0.7085059968562257
2693.25,66.95764081,8.3,2.615,117,11.87,11.91,122.3571689,0.7085059968562257
2693.375,66.81503182,8.3,2.614,114,12.04,12.06,121.2076661,0.7085059968562257
2693.5,66.82124409,8.3,2.612,112,12.36,12.33,120.0955071,0.7085059968562257
2693.625,66.68902625,8.3,2.604,110,13.06,12.94,118.7625018,0.7085059968562257
2693.75,66.37272762,8.2,2.594,106,14.14,13.91,117.4887289,0.7085059968562257
2693.875,66.06945531,8.1,2.586,100,15.51,15.17,116.3076565,0.7085059968562257
2694.0,65.87960361,7.8,2.579,93,16.91,16.51,115.2978622,0.7085059968562257
2694.125,65.82396056,7.6,2.573,89,18.06,17.67,114.5657781,0.7085059968562257
2694.25,65.82092579,7.3,2.566,87,18.69,18.36,114.2824776,0.7085059968562257
2694.375,66.07517927,7.2,2.559,85,18.86,18.59,114.2432554,0.7085059968562257
2694.5,66.10636161,7.2,2.554,82,18.71,18.46,114.2975255,0.7085059968562257
2694.625,66.24067224,7.2,2.55,80,18.45,18.19,114.4109911,0.7085059968562257
2694.75,66.46552789,7.1,2.549,80,18.29,18.0,114.5367946,0.7085059968562257
2694.875,66.34014186,6.9,2.548,78,18.33,18.0,114.6082465,0.7085059968562257
2695.0,66.02337677,6.8,2.548,77,18.53,18.19,114.5600181,0.7085059968562257
2695.125,65.90339672,6.8,2.548,76,18.86,18.57,114.652438,0.7085059968562257
2695.25,65.45960899,6.8,2.546,77,19.35,19.18,114.8636649,0.7085059968562257
2695.375,64.8136998,7.0,2.545,79,20.02,19.91,115.3067386,0.7085059968562257
2695.5,64.39440682,7.2,2.546,79,20.61,20.48,116.1661766,0.7085059968562257
2695.625,64.83863255,7.6,2.556,80,20.25,20.11,117.7230171,0.7085059968562257
2695.75,65.64984882,8.1,2.572,83,18.43,18.39,119.8466768,0.7085059968562257
2695.875,66.68051581,8.7,2.589,90,15.37,15.52,122.4886857,0.7085059968562257
2696.0,68.15922913,9.0,2.601,101,12.16,12.46,125.4218051,0.7085059968562257
2696.125,69.89699291,9.3,2.607,115,9.73,10.1,128.4132421,0.7085059968562257
2696.25,71.40216352,9.7,2.609,129,8.35,8.68,131.2668957,0.7085059968562257
2696.375,72.83457822,10.2,2.613,135,7.78,8.05,133.8510492,0.7085059968562257
2696.5,73.58208701,10.6,2.621,134,7.7,7.91,136.0147439,0.7085059968562257
2696.625,73.89318727,10.9,2.63,132,7.79,8.0,138.0232362,0.7085059968562257
2696.75,74.13674843,11.2,2.635,132,7.72,7.97,139.9170858,0.7085059968562257
2696.875,74.66788169,11.6,2.635,134,7.41,7.73,141.6983681,0.7085059968562257
2697.0,75.70995846,12.2,2.636,137,6.95,7.31,143.3980072,0.7085059968562257
2697.125,76.23285709,12.6,2.639,141,6.53,6.92,144.7475085,0.7085059968562257
2697.25,76.19633839,12.5,2.646,144,6.26,6.67,145.4487504,0.7085059968562257
2697.375,75.7440977,12.2,2.65,145,6.29,6.7,145.3574688,0.7085059968562257
2697.5,74.75637126,11.7,2.652,141,6.63,7.01,144.4577098,0.7085059968562257
2697.625,73.09163209,11.2,2.651,134,7.2,7.55,142.8516697,0.7085059968562257
2697.75,71.56481122,10.7,2.65,127,7.86,8.19,140.7389728,0.7085059968562257
2697.875,70.89501791,10.2,2.651,123,8.49,8.84,138.4753898,0.7085059968562257
2698.0,70.34935413,9.8,2.654,123,8.97,9.34,136.5646486,0.7085059968562257
2698.125,70.04067047,9.6,2.656,125,9.13,9.53,135.0767682,0.7085059968562257
2698.25,70.06446594,9.6,2.656,128,8.94,9.37,134.0140582,0.7085059968562257
2698.375,70.24175157,9.9,2.652,130,8.54,8.95,133.4060685,0.7085059968562257
2698.5,70.40169252,10.1,2.645,132,8.21,8.55,132.9155829,0.7085059968562257
2698.625,70.71306752,10.1,2.637,134,8.08,8.3,132.0407276,0.7085059968562257
2698.75,70.79622598,10.1,2.63,133,8.2,8.29,130.6870888,0.7085059968562257
2698.875,70.47474062,9.9,2.624,130,8.57,8.56,128.7240869,0.7085059968562257
2699.0,69.76135899,9.6,2.621,125,9.31,9.19,126.1244329,0.7085059968562257
2699.125,68.92515492,9.0,2.617,120,10.62,10.33,123.3087341,0.7085059968562257
2699.25,67.96533497,8.4,2.611,114,12.47,11.95,120.502228,0.7085059968562257
2699.375,66.98892749,8.0,2.599,105,14.97,14.2,117.738165,0.7085059968562257
2699.5,65.68393661,7.6,2.586,93,18.38,17.3,115.1755559,0.7085059968562257
2699.625,64.26632927,7.1,2.575,82,22.47,21.12,112.9327982,0.7085059968562257
2699.75,63.59844633,6.6,2.571,75,26.59,25.21,111.05566,0.7085059968562257
2699.875,63.19572323,6.1,2.571,71,30.06,28.8,109.8713589,0.7085059968562257
2700.0,62.91241837,5.8,2.573,69,32.68,31.49,109.9660899,0.7085059968562257
2700.125,62.93086686,5.7,2.576,69,33.54,32.37,111.3813517,0.7085059968562257
2700.25,63.67131811,6.0,2.58,70,31.38,30.39,114.0535358,0.7085059968562257
2700.375,65.45438222,6.6,2.588,74,25.95,25.4,117.8414283,0.7085059968562257
2700.5,68.07355873,7.7,2.601,85,18.95,18.85,122.6569631,0.7085059968562257
2700.625,71.28169823,9.1,2.613,102,13.07,13.24,127.9757179,0.7085059968562257
2700.75,74.59498058,10.6,2.617,121,9.28,9.56,133.3244385,0.7085059968562257
2700.875,76.69853209,11.9,2.614,136,7.22,7.51,138.447388,0.9999982899207013
2701.0,77.88690256,13.0,2.609,145,6.07,6.33,143.1088159,0.9999886559061103
2701.125,79.81886273,13.9,2.605,150,5.51,5.75,147.0819188,0.9999401292813185
2701.25,80.57312782,14.6,2.602,154,5.27,5.52,149.8143663,0.9999093294160064
2701.375,80.42716083,15.1,2.604,157,5.16,5.46,151.285563,0.9999640426964475
2701.5,79.82673209,15.1,2.612,159,5.15,5.48,151.6556185,0.9999998368239564
2701.625,79.08728786,14.9,2.623,158,5.26,5.61,151.0978052,0.9999283767960225
2701.75,78.25436004,14.6,2.635,154,5.49,5.83,149.806814,0.9999818759845531
2701.875,76.78823471,14.2,2.643,149,5.81,6.14,147.9156558,0.999982179375687
2702.0,75.43354304,13.7,2.649,144,6.15,6.5,146.0708294,0.9999979703915332
2702.125,74.53707717,13.0,2.652,140,6.49,6.86,144.3140356,0.999999437714169
2702.25,73.52802159,12.2,2.651,137,6.79,7.19,142.6282762,0.9999961245622457
2702.375,72.52972894,11.5,2.647,134,7.05,7.45,141.0759734,0.9999999128682548
2702.5,72.10798976,11.2,2.64,131,7.26,7.64,139.725539,0.9999945211900148
2702.625,71.83535197,11.2,2.636,127,7.43,7.78,138.2316085,0.9999836407364439
2702.75,71.93260801,11.3,2.634,126,7.55,7.87,137.0382436,0.9999881883041091
2702.875,71.82894803,11.2,2.634,128,7.62,7.91,136.0937864,0.9999833153666339
2703.0,71.78468714,11.0,2.63,131,7.63,7.88,135.3900018,0.9999809789782644
2703.125,72.01847651,10.9,2.625,133,7.61,7.81,134.9239513,0.9999915891838381
2703.25,72.3188374,11.0,2.621,136,7.61,7.76,134.6987217,0.9999989536940381
2703.375,72.83059173,11.3,2.619,140,7.59,7.69,134.3469491,0.9999952668919637
2703.5,73.14273806,11.6,2.619,142,7.49,7.58,133.8936883,0.9999829722427935
2703.625,73.0645248,11.6,2.621,142,7.32,7.41,133.0863215,0.9999867675536522
2703.75,72.51254455,11.5,2.626,141,7.26,7.33,131.8372011,0.999999964739259
2703.875,71.50236115,11.0,2.633,139,7.51,7.56,130.1666266,0.9999624744476496
2704.0,70.13392283,10.2,2.639,136,8.3,8.28,128.0168563,0.9999903037193412
2704.125,69.38284364,9.3,2.639,129,9.64,9.5,125.4678217,0.9999975024898851
2704.25,68.60582493,8.7,2.632,116,11.46,11.15,123.1249961,0.9999585695043731
2704.375,67.8280435,8.5,2.618,104,13.28,12.87,121.1554457,0.9998723666606096
2704.5,67.24045092,8.4,2.603,98,14.55,14.16,119.6527003,0.9997759150266279
2704.625,67.10361693,8.3,2.592,98,14.89,14.61,118.6937371,0.9997495843017237
2704.75,67.76946339,8.2,2.585,99,14.59,14.39,118.2705907,0.9998639608524427
2704.875,68.21757264,8.1,2.581,98,14.19,14.0,118.0573654,0.9999214450696263
2705.0,68.42671647,7.9,2.578,95,14.2,13.95,117.8567167,0.999942906271486
2705.125,68.21782717,7.7,2.572,93,14.67,14.33,117.6041569,0.9999214732645652
2705.25,67.65665715,7.5,2.565,92,15.47,15.03,117.3579146,0.9998470191011445
2705.375,67.98876017,7.2,2.56,89,16.64,16.07,117.3957263,0.9998940520658749
2705.5,67.27393602,7.2,2.56,86,18.18,17.45,117.7796591,0.9997821358805017
2705.625,67.29717533,7.3,2.563,82,19.75,18.9,118.8161023,0.9997864018141104
2705.75,68.38242329,7.7,2.569,80,20.04,19.23,120.6027467,0.9999386463153537
2705.875,70.07209606,8.3,2.58,81,18.3,17.71,123.0289372,0.99999256090575
2706.0,71.31745361,9.3,2.594,88,14.83,14.56,125.7936365,0.9998895258212999
2706.125,72.20418261,10.3,2.609,100,11.31,11.32,128.6249194,0.9997423338689237
2706.25,72.52376693,11.0,2.623,114,8.83,9.0,131.0013183,0.999674235471575
2706.375,72.59705741,11.0,2.632,125,7.68,7.89,132.618448,0.9996574946953436
2706.5,72.59580984,10.5,2.636,130,7.4,7.58,133.4976106,0.9996577831686141
2706.625,72.46241732,9.9,2.635,129,7.74,7.85,133.7808333,0.99968792640798
2706.75,71.62449081,9.5,2.632,125,8.41,8.47,133.5333759,0.999845508462959
2706.875,70.9058544,9.4,2.631,123,8.95,9.03,133.1778631,0.9999369827591214
2707.0,70.90672579,9.5,2.631,124,9.1,9.25,133.1445016,0.9999368962661774
2707.125,71.27788747,9.7,2.633,127,8.84,9.06,133.3046793,0.9998946625918788
2707.25,71.6605958,9.8,2.635,130,8.42,8.71,133.5504974,0.9998398486458965
2707.375,71.81556437,9.8,2.636,132,8.06,8.4,133.8039037,0.9998143996996562
2707.5,71.89438655,9.7,2.635,131,7.89,8.26,133.6802981,0.9998007360693466
2707.625,71.83067539,9.7,2.632,128,7.92,8.28,132.8454988,0.9998118178271546
2707.75,71.3257689,9.7,2.627,126,8.15,8.43,131.6828728,0.9998884307209404
2707.875,70.69392172,9.6,2.624,126,8.5,8.69,130.2855123,0.9999562574720237
2708.0,70.23434541,9.4,2.621,125,8.92,9.02,128.712981,0.9999860010227183
2708.125,69.83933228,9.3,2.619,124,9.35,9.38,127.0883911,0.9999983802315676
2708.25,69.40708346,9.3,2.617,122,9.76,9.7,125.6014289,0.9999979583801171
2708.375,69.16393714,9.2,2.617,121,10.11,9.97,124.0606522,0.9999913062801324
2708.5,68.87827441,9.0,2.619,121,10.43,10.22,122.5306768,0.9999837856972607
2708.625,68.36759692,8.6,2.621,118,10.79,10.53,121.0413665,0.9999993028073902
2708.75,67.59550833,8.1,2.622,114,11.28,10.95,119.5907667,0.9999993295634073
2708.875,67.08574783,7.6,2.621,108,11.99,11.58,118.1809898,0.9999989047359213
2709.0,66.48175466,7.1,2.62,103,12.97,12.47,116.7979917,0.9999989981829268
2709.125,65.74455177,6.7,2.621,98,14.27,13.66,115.68146,0.999968546047585
2709.25,65.06465217,6.4,2.623,95,15.81,15.09,114.9734256,0.999902828521574
2709.375,64.5484313,6.4,2.627,93,17.41,16.62,114.8950591,0.9998288189032604
2709.5,64.09079875,6.4,2.628,93,18.78,17.97,115.809901,0.9997458089687762
2709.625,64.73343327,6.6,2.622,93,19.53,18.74,118.3815053,0.999857734915205
2709.75,67.0283334,7.0,2.61,95,19.25,18.51,122.0426013,0.9999824405658226
2709.875,69.70656089,7.9,2.597,99,17.38,16.79,126.7129024,0.9999999292410432
2710.0,72.05257697,9.1,2.589,108,14.31,13.95,132.0156967,0.9999957286318382
2710.125,73.99190722,10.7,2.591,122,10.83,10.71,137.3885216,0.9999996287171724
2710.25,76.75749121,12.2,2.601,137,8.05,8.08,142.1169501,0.99999906888146
2710.375,78.89220433,13.4,2.615,150,6.34,6.4,145.5614041,0.9999996101897289
2710.5,80.15869547,14.0,2.627,156,5.6,5.63,147.4755931,0.9999957848028763
2710.625,80.27097552,14.2,2.638,156,5.51,5.46,147.9045272,0.9999948208479073
2710.75,79.21615925,14.1,2.649,151,5.75,5.65,147.1181413,0.9999866392024275
2710.875,77.34388688,14.0,2.661,144,6.12,6.02,145.5619094,0.9999864432845449
2711.0,75.62702336,13.6,2.674,140,6.49,6.43,143.5713418,0.9999849031669008
2711.125,74.15426654,12.9,2.683,140,6.85,6.84,141.5528134,0.9999917152269848
2711.25,72.92386837,12.0,2.685,140,7.29,7.28,139.564249,0.9999978835524714
2711.375,71.73451798,11.0,2.679,138,7.82,7.8,137.607765,0.9999642565309664
2711.5,70.51961083,10.3,2.669,133,8.42,8.37,135.7001744,0.9998158230089602
2711.625,69.94275715,9.9,2.662,127,8.96,8.89,133.991677,0.9997049892890559
2711.75,69.87395151,9.7,2.66,122,9.27,9.2,133.1087193,0.9996900353296918
2711.875,70.28721437,9.8,2.662,121,9.24,9.17,133.1249533,0.9997742963295396
2712.0,71.06073773,10.3,2.664,125,8.86,8.8,133.7978774,0.9998961740960984
2712.125,72.04783169,10.8,2.662,132,8.29,8.24,134.906751,0.9999838362978762
2712.25,73.0973937,11.1,2.658,140,7.7,7.65,136.2741805,0.9999935517953742
2712.375,73.97895538,11.1,2.651,147,7.23,7.19,137.2788557,0.9999352141502724
2712.5,74.53349331,10.9,2.644,151,6.94,6.9,137.8267873,0.9998674145281874
2712.625,74.8160563,10.9,2.64,152,6.82,6.78,138.1896339,0.999823631208072
2712.75,74.80760295,11.1,2.638,149,6.81,6.78,138.3921524,0.9998250315299873
2712.875,74.49174101,11.3,2.639,145,6.84,6.83,138.4236536,0.9998733553620434
2713.0,73.88552382,11.1,2.639,142,6.96,6.96,138.3568065,0.9999442731050822
2713.125,73.1693227,10.8,2.637,140,7.21,7.19,137.8450424,0.999991066565264
2713.25,72.39916549,10.7,2.635,139,7.55,7.51,136.922271,0.9999966708743651
2713.375,71.70021772,10.7,2.632,138,7.89,7.84,135.6775244,0.9999616473099873
2713.5,71.09113734,10.8,2.631,135,8.15,8.12,134.2206867,0.9999898423917961
2713.625,70.53036614,10.9,2.631,132,8.31,8.31,132.6692915,0.9999998990593284
2713.75,70.2341063,10.8,2.633,131,8.41,8.42,131.1577266,0.99999529399402
2713.875,70.2628481,10.6,2.633,131,8.48,8.5,129.7737417,0.9999960411042341
2714.0,70.3326061,10.2,2.632,130,8.6,8.63,128.4777528,0.9999975859823236
2714.125,70.12762146,9.9,2.633,127,8.88,8.92,127.2629045,0.9999919635677641
2714.25,69.4616939,9.7,2.635,124,9.37,9.39,126.1578825,0.9999510444050915
2714.375,68.41223524,9.5,2.637,121,10.16,10.07,125.245727,0.9999823005061975
2714.5,67.86918937,9.1,2.632,117,11.18,10.93,124.3027591,0.9999993389359926
2714.625,67.72012211,8.6,2.624,113,12.28,11.89,123.446203,0.999999985931238
2714.75,67.72176693,8.3,2.617,110,13.16,12.72,122.7220721,0.9999999882642455
2714.875,67.72940394,8.2,2.612,108,13.68,13.25,122.1295612,0.9999999963275945
2715.0,67.70802953,8.1,2.607,109,13.78,13.4,121.6947743,0.9999999622900747
2715.125,67.81580512,8.2,2.6,112,13.51,13.17,121.7819627,0.9999997701689548
2715.25,68.16213917,8.3,2.595,115,13.14,12.8,121.7736982,0.9999930093158673
2715.375,68.35187605,8.4,2.593,115,12.89,12.5,121.6967061,0.9999853323541567
2715.5,68.18767946,8.4,2.593,113,12.86,12.44,121.4322568,0.9999921397366769
2715.625,67.69520472,8.3,2.593,109,12.99,12.57,120.7990482,0.9999999247345495
2715.75,67.16773734,8.2,2.594,104,13.33,12.88,119.595161,0.999987247921574
2715.875,66.92520125,8.1,2.598,101,14.0,13.45,118.5278217,0.9999741241170064
2716.0,66.69452992,7.9,2.6,99,15.03,14.3,117.1993266,0.9999573787734707
2716.125,66.41912474,7.6,2.595,97,16.29,15.39,115.9693873,0.9999319423673229
2716.25,66.18323911,7.3,2.582,92,17.48,16.52,115.0231352,0.9999054457553497
2716.375,66.10851004,7.1,2.565,87,18.3,17.42,114.412825,0.9998961450957424
2716.5,66.21521936,7.1,2.553,83,18.53,17.8,114.069075,0.9999092926999108
2716.625,66.4394227,7.2,2.549,83,18.27,17.67,114.225034,0.9999340193219799
2716.75,66.57926614,7.3,2.55,83,17.77,17.26,114.6270368,0.9999474539359586
2716.875,66.49215492,7.5,2.553,81,17.43,16.98,115.381439,0.9999392646557024
2717.0,66.15532028,7.5,2.558,79,17.52,17.09,116.5750783,0.9999020220579189
2717.125,65.70354429,7.4,2.565,78,18.09,17.66,118.2432138,0.9998381581349955
2717.25,65.76153314,7.3,2.578,79,18.64,18.2,120.8158844,0.9998472471880052
2717.375,66.42468104,7.4,2.595,80,18.35,17.97,124.1089437,0.9999325141053148
2717.5,67.64505335,7.7,2.614,84,16.51,16.26,127.6901427,0.9999924531043568
2717.625,69.39128268,8.5,2.631,89,13.56,13.49,131.3412907,0.9999999721888515
2717.75,71.49710827,9.7,2.644,99,10.44,10.52,134.8363108,0.9999789717904163
2717.875,73.4503563,11.2,2.652,115,8.1,8.27,137.7066356,0.9999926099107879
2718.0,74.7800399,12.6,2.655,132,6.67,6.84,139.6940318,0.9998783685705036
2718.125,75.88390335,13.1,2.654,146,5.96,6.12,141.1931635,0.9993710044370969
2718.25,76.62878622,12.7,2.65,152,5.79,5.94,141.9558608,0.9982083418228911
2718.375,76.80361234,11.9,2.646,152,5.98,6.13,141.8927673,0.999997169457276
2718.5,76.13822224,11.0,2.645,145,6.46,6.62,141.0959304,0.9999993943053298
2718.625,73.87616516,10.3,2.645,137,7.14,7.33,139.5207992,0.9999771419918756
2718.75,71.8404605,9.8,2.644,130,7.93,8.15,137.5557649,0.9999942291965753
2718.875,70.56076358,9.5,2.642,125,8.71,8.95,135.8832584,0.9999993189995989
2719.0,70.31492815,9.5,2.641,121,9.26,9.54,134.9629234,0.9999999601794242
2719.125,71.01476214,9.7,2.639,119,9.4,9.72,135.1535556,0.9999952131559161
2719.25,72.00844652,10.3,2.64,121,8.97,9.32,136.7523089,0.9999771008383085
2719.375,73.61599587,11.2,2.644,129,8.11,8.47,139.5601246,0.9999962776186412
2719.5,75.00647054,12.3,2.65,139,7.1,7.44,142.738919,0.9999809048915349
2719.625,76.88047933,13.0,2.655,147,6.26,6.55,145.7344413,0.9999871245147772
2719.75,78.61961732,13.3,2.657,152,5.72,5.94,147.9783108,0.999991851958572
2719.875,78.99380531,13.4,2.655,155,5.46,5.63,148.970199,0.9999893441293067
2720.0,78.84985846,13.4,2.651,155,5.4,5.54,148.3041885,0.9999999924977768
2720.125,78.18445374,13.2,2.649,155,5.51,5.6,146.1799309,0.9999992195797883
2720.25,76.90984403,12.4,2.645,155,5.79,5.82,143.0005583,0.9999960881177711
2720.375,75.32547513,11.2,2.639,153,6.29,6.28,139.2002193,0.9999873075667849
2720.5,73.36432244,9.9,2.632,148,7.1,7.04,135.2092303,0.9999420398719935
2720.625,70.24633064,8.9,2.628,140,8.36,8.23,131.3569242,0.9999999533187257
2720.75,68.1789914,8.7,2.628,130,9.91,9.68,128.2129774,0.9998943646214058
2720.875,67.51646476,9.1,2.629,120,11.41,11.07,126.0633551,0.9998016790547932
2721.0,67.22792513,9.7,2.629,113,12.37,11.97,124.8562274,0.999747644040329
2721.125,67.23397671,10.0,2.625,110,12.57,12.18,124.6272735,0.9997488440544168
2721.25,67.84975394,9.7,2.62,112,11.93,11.66,125.3979461,0.9998560034594324
2721.375,68.72360564,9.4,2.615,116,10.65,10.54,127.0240944,0.9999572461233965
2721.5,69.74558825,9.3,2.613,123,9.36,9.36,129.0929224,0.9999999771012176
2721.625,70.29338031,9.4,2.615,132,8.58,8.59,131.3928146,0.9999999961866982
2721.75,70.75761936,9.6,2.621,137,8.46,8.41,133.8655417,0.9999966263404347
2721.875,71.71088793,9.9,2.628,136,8.62,8.49,136.4702307,0.9999991968714761
2722.0,73.66865394,10.2,2.632,129,8.65,8.48,139.1696833,0.999998512303439
2722.125,75.79217756,10.8,2.631,122,8.3,8.16,141.8582495,0.999976379315726
2722.25,77.72428976,11.5,2.626,122,7.59,7.55,144.4549064,0.9999613581868724
2722.375,78.74252835,12.4,2.619,131,6.67,6.73,146.4156037,0.9999999781914485
2722.5,79.31747205,13.3,2.618,145,5.84,5.98,147.4470211,0.9999860044534465
2722.625,79.97602953,13.9,2.621,155,5.31,5.46,147.4083638,0.9999078237909642
2722.75,79.67829331,14.0,2.626,158,5.18,5.33,146.1652535,0.9999998410317938
2722.875,77.96847566,13.6,2.63,157,5.35,5.48,143.4803766,0.9999714898565069
2723.0,75.92073878,12.8,2.632,153,5.77,5.89,140.132936,0.9999831459755352
2723.125,73.84521417,11.6,2.633,147,6.48,6.58,136.3091077,0.9999680699460136
2723.25,71.48532684,10.0,2.636,136,7.66,7.7,132.1984125,0.9999442354932805
2723.375,68.25315748,8.6,2.643,125,9.71,9.6,128.0320774,0.999975295834082
2723.5,65.75414173,7.6,2.652,121,12.72,12.4,124.2440197,0.9999907758486003
2723.625,64.60987782,7.1,2.66,127,15.84,15.37,121.1846865,0.9999999121537868
2723.75,64.14163471,7.2,2.661,138,17.63,17.15,119.2163434,0.9999994055081933
2723.875,64.63328071,7.8,2.654,145,17.27,16.92,118.55616,0.9999947019405449
2724.0,66.14052913,8.8,2.644,147,15.17,15.0,119.3337638,0.9999733728755934
2724.125,67.47714331,9.9,2.634,149,12.32,12.33,121.705811,0.9998173879204966
2724.25,69.03517579,11.0,2.629,151,9.83,9.95,125.2770693,0.9994595034665333
2724.375,71.30318071,11.6,2.63,153,8.13,8.27,129.1259665,0.9995493570129833
2724.5,73.31753766,11.9,2.632,153,7.32,7.4,132.9346539,0.999925335653781
2724.625,74.754,12.1,2.632,153,6.9,6.95,136.419675,0.9999998865152409
2724.75,75.87008793,12.7,2.628,151,6.54,6.58,139.354872,0.9999465298766025
2724.875,76.66667585,13.4,2.623,149,6.14,6.2,141.647769,0.9996126682844254
2725.0,77.29740276,13.8,2.619,148,5.87,5.95,143.8588724,0.9999177387965633
2725.125,76.98213038,13.4,2.616,151,5.84,5.93,145.8743297,0.9999985902956608
2725.25,76.52476982,12.6,2.615,154,5.94,6.08,147.4069114,0.9999836315260787
2725.375,76.59726673,12.0,2.614,157,6.06,6.25,148.2148281,0.9999870925329795
2725.5,76.85620702,11.5,2.616,155,6.19,6.38,148.2168787,0.9999961020242065
2725.625,75.74146043,11.2,2.622,150,6.41,6.56,146.6631014,0.9999998534046872
2725.75,74.49127047,11.0,2.63,143,6.73,6.87,144.1390094,0.9999969665190213
2725.875,73.2717019,10.9,2.634,136,7.13,7.26,141.3360357,0.9999829328209683
2726.0,72.33930886,10.8,2.635,132,7.49,7.6,138.7210432,0.9999971229279333
2726.125,71.92292421,10.7,2.633,130,7.71,7.81,136.5638947,0.9999815222200424
2726.25,71.87969915,10.4,2.631,127,7.77,7.85,135.1028547,0.9999791266927476
2726.375,71.86615814,10.2,2.629,125,7.73,7.82,134.3244013,0.9999783462273673
2726.5,71.91832559,10.2,2.629,126,7.67,7.76,133.6760106,0.9999812743033138
2726.625,71.92154508,10.3,2.634,126,7.68,7.76,133.0487852,0.9999814480430389
2726.75,71.8309332,10.4,2.642,122,7.81,7.84,132.3875932,0.9999762488655664
2726.875,71.73688425,10.3,2.65,114,8.07,8.03,131.6223228,0.9999741695279731
2727.0,71.31332782,10.3,2.653,107,8.36,8.26,130.6593963,0.9999940699457821
2727.125,71.16100249,10.3,2.652,103,8.59,8.45,129.9426451,0.9999978002964915
2727.25,70.9830502,10.2,2.649,103,8.72,8.57,129.267537,0.9999998624044533
2727.375,70.49648773,9.9,2.646,103,8.86,8.69,128.6445983,0.9999928707158973
2727.5,69.6439664,9.6,2.639,103,9.17,8.94,128.1838371,0.9999996181811257
2727.625,69.17086929,9.2,2.631,102,9.88,9.51,127.9812453,0.9999945293655776
2727.75,68.48690656,8.7,2.625,101,11.01,10.45,127.05807,0.9999562598098988
2727.875,67.57672073,8.0,2.62,100,12.51,11.75,125.7262591,0.9998486631342164
2728.0,66.75481811,7.4,2.613,100,14.12,13.23,124.0012602,0.9996959183896604
2728.125,66.41263406,7.0,2.604,98,15.56,14.61,121.9096263,0.9996167788048811
2728.25,66.85547822,6.8,2.593,96,16.6,15.7,119.5665151,0.9997174592456531
2728.375,66.71407402,6.8,2.584,93,17.33,16.5,118.0214035,0.9996869744676232
2728.5,66.22514705,6.8,2.579,90,18.04,17.23,117.403989,0.9995695423770393
2728.625,65.4821416,6.8,2.58,87,19.06,18.15,117.7822565,0.9993553785234557
2728.75,65.09672303,6.8,2.584,84,20.24,19.18,119.1013242,0.9992273276625978
2728.875,65.70600374,6.8,2.594,87,20.85,19.71,121.2390257,0.9994244367902556
2729.0,67.51284429,7.2,2.61,99,19.63,18.64,124.1267389,0.9998386824165844
2729.125,69.33476949,7.8,2.627,115,16.72,16.05,127.4456864,0.9999982719185466
2729.25,70.75749508,8.9,2.64,130,13.06,12.72,130.7753763,0.9999706514576059
2729.375,72.18589003,10.2,2.643,138,9.98,9.88,134.1436059,0.9999993307736633
2729.5,73.76167972,11.4,2.641,144,7.98,7.98,137.3431545,0.999976579497079
2729.625,75.25233458,12.2,2.636,147,6.95,6.96,139.9852486,0.9999799558559475
2729.75,75.67416857,12.7,2.636,150,6.53,6.52,142.0617742,0.999949398636012
2729.875,76.13688346,13.0,2.64,152,6.39,6.36,143.7793864,0.9999662505305408
2730.0,76.52007382,13.2,2.645,153,6.31,6.29,144.9493602,0.9999883409939466
2730.125,76.68938215,13.3,2.648,153,6.23,6.22,145.7405037,0.9999664968787428
2730.25,76.52572323,13.3,2.648,152,6.14,6.15,146.2978287,0.9999977081239879
2730.375,75.94353819,13.1,2.649,150,6.08,6.1,146.4574416,0.9999984633590866
2730.5,75.26128957,12.7,2.65,150,6.08,6.08,145.9442049,0.9999999270647971
2730.625,74.64123248,12.1,2.651,149,6.18,6.15,145.1650815,0.9999984081850316
2730.75,74.0199666,11.6,2.651,148,6.4,6.33,144.0916852,0.9999963622467047
2730.875,73.32023497,11.1,2.647,145,6.63,6.56,142.8010587,0.9999995395951944
2731.0,72.49967677,10.6,2.644,139,6.83,6.81,141.4997413,0.999966279085109
2731.125,71.74131063,10.3,2.645,134,7.08,7.02,140.7420314,0.9998887710155621
2731.25,71.5129019,10.3,2.649,131,7.33,7.25,140.5234371,0.9998566249069597
2731.375,71.81441437,10.5,2.652,130,7.56,7.47,140.7941228,0.9998981988945052
2731.5,72.20158012,10.6,2.653,130,7.7,7.61,141.3500364,0.9999411709244949
2731.625,72.39126083,10.8,2.652,131,7.73,7.64,141.9364272,0.9999579505899938
2731.75,72.55586457,11.0,2.652,133,7.62,7.54,142.3119671,0.9999702341826648
2731.875,73.12443412,11.4,2.651,136,7.37,7.33,142.6732696,0.9999962759300344
2732.0,73.86330085,11.7,2.648,139,7.06,7.05,143.1199455,0.9999989300799221
2732.125,74.47222539,11.8,2.641,140,6.78,6.78,143.7914843,0.9999972583841388
2732.25,74.81620059,11.8,2.634,141,6.59,6.58,144.6276621,0.9999880370944868
2732.375,74.92149678,11.7,2.63,141,6.5,6.48,145.3753217,0.9999830516495652
2732.5,75.05921004,11.6,2.63,140,6.45,6.43,145.3866406,0.9999752241759987
2732.625,74.8865378,11.6,2.633,139,6.4,6.39,144.3402698,0.9999848028950435
2732.75,74.15807139,11.5,2.637,138,6.38,6.37,142.5199091,0.999996724552634
2732.875,73.06633878,11.1,2.641,138,6.52,6.49,140.1479124,0.9999966135137358
2733.0,71.90122789,10.5,2.645,136,6.97,6.87,137.4475484,0.9999703883320654
2733.125,70.93923668,9.7,2.644,132,7.8,7.6,134.6167636,0.9999999376977203
2733.25,69.84925965,9.1,2.639,125,8.8,8.51,131.9905333,0.9999955621501737
2733.375,68.70364738,8.7,2.633,117,9.69,9.38,129.4095024,0.9999995490259037
2733.5,67.83586667,8.4,2.627,113,10.31,10.08,126.7859005,0.9999967412282587
2733.625,66.97480925,8.0,2.623,112,10.81,10.67,124.252265,0.9999483509925758
2733.75,65.69325761,7.4,2.621,110,11.46,11.33,121.9549307,0.9997690925970022
2733.875,63.89978648,6.8,2.624,105,12.9,12.61,119.7817024,0.9993029815361959
2734.0,63.80941555,6.4,2.632,96,15.67,15.09,118.0326219,0.9992728551276655
2734.125,64.20844803,6.4,2.641,88,19.51,18.62,116.7299138,0.9994010767117208
2734.25,64.50544259,7.0,2.645,87,22.15,21.21,115.9950107,0.9994884502534678
2734.375,64.77075591,7.7,2.642,95,21.69,21.0,115.9671961,0.9995606847710569
2734.5,65.64305938,8.6,2.632,108,18.0,17.73,116.7798459,0.9997594609589182
2734.625,66.90642881,9.4,2.622,121,13.42,13.49,118.5729069,0.9999420257160347
2734.75,69.00684862,10.1,2.617,130,9.88,10.15,121.2103693,0.9999986739245523
2734.875,70.37122835,10.3,2.62,134,8.05,8.39,124.2000325,0.9999063227564978
2735.0,70.99384803,10.1,2.629,134,7.4,7.72,127.1996879,0.9998158639079757
2735.125,71.27215512,9.8,2.64,134,7.43,7.7,129.8927177,0.9997656399554673
2735.25,71.26690577,9.6,2.647,133,7.74,8.0,131.9178161,0.9997666432203476
2735.375,71.22107146,9.5,2.651,132,8.0,8.3,132.9237195,0.9997753117561963
2735.5,71.1615376,9.4,2.651,131,8.1,8.49,133.2827531,0.999786326382397
2735.625,71.08362467,9.5,2.649,130,8.1,8.54,133.1538294,0.9998003233537501
2735.75,70.8923502,9.6,2.643,129,8.11,8.57,132.6897436,0.9998326754889849
2735.875,70.50280295,9.5,2.636,128,8.18,8.65,132.0322626,0.9998897294414624
2736.0,70.46712382,9.4,2.63,128,8.32,8.78,131.3175316,0.9998943626661798
2736.125,70.87987526,9.5,2.625,128,8.51,8.94,130.2305508,0.9998346862636781
2736.25,70.87720906,9.8,2.625,127,8.68,9.06,128.821563,0.9998351144393018
2736.375,70.59423648,9.8,2.628,125,8.79,9.1,127.1296459,0.9998774022103766
2736.5,70.12558392,9.6,2.629,122,8.88,9.12,125.1376155,0.9999336831718875
2736.625,69.01739823,9.1,2.625,119,9.15,9.28,122.7081535,0.9999985177217858
2736.75,67.70856555,8.4,2.618,115,9.83,9.84,120.3098097,0.9999515217705904
2736.875,66.76176962,7.7,2.615,109,11.18,11.06,117.9641818,0.9998341144693311
2737.0,65.95158346,7.1,2.618,101,13.72,13.38,115.9132406,0.9996780699566973
2737.125,64.97109049,6.8,2.622,93,17.61,16.92,114.4579911,0.999420709825889
2737.25,63.76578727,6.9,2.624,86,22.55,21.4,113.8663325,0.9990016176615866
2737.375,63.88078071,7.4,2.624,84,26.4,25.03,114.2308339,0.9990464869963
2737.5,64.33634665,8.2,2.625,88,26.78,25.63,115.8474421,0.9992141187666242
2737.625,65.2581729,9.3,2.628,99,22.87,22.23,117.9697648,0.9995038285810507
2737.75,66.38487677,10.6,2.634,112,17.01,16.85,120.4780433,0.9997678982466033
2737.875,67.62825728,11.4,2.641,123,12.05,12.15,123.2716302,0.9999442806721982
2738.0,69.24109049,11.3,2.653,127,9.27,9.47,126.1536886,0.9999931588401899
2738.125,69.63520138,11.0,2.667,128,8.09,8.31,128.8766217,0.9999742065434891
2738.25,70.49912986,11.1,2.676,128,7.88,8.05,132.1910052,0.9998952029064743
2738.375,71.01065059,12.0,2.671,128,8.17,8.29,135.7876359,0.9999814375703696
2738.5,71.60713209,13.6,2.655,129,8.23,8.32,139.7483978,0.9999996631075292
2738.625,73.49971949,15.4,2.637,132,7.71,7.82,144.2538628,0.9997457333940428
2738.75,78.63136319,16.5,2.621,139,6.69,6.86,149.1502703,0.9999361056803457
2738.875,82.30436496,16.7,2.602,149,5.65,5.87,153.7920732,0.99995484556281
2739.0,84.10500472,16.4,2.58,161,4.85,5.08,157.9495946,0.9999988563746695
2739.125,86.02920997,15.7,2.573,169,4.36,4.58,161.0914591,0.9998988756960933
2739.25,88.37676142,14.6,2.589,171,4.14,4.34,162.8572854,0.9993886877763974
2739.375,89.16405374,13.3,2.624,170,4.12,4.3,163.1512975,0.9991213179742253
2739.5,87.6889061,11.8,2.654,169,4.19,4.36,161.6347293,0.9995827261623739
2739.625,84.27378287,10.4,2.669,168,4.3,4.47,158.8177319,0.9999709494761005
2739.75,81.15970381,9.6,2.673,167,4.55,4.7,155.1917007,0.9999402581786185
2739.875,78.62110965,9.6,2.676,163,5.02,5.13,151.1052405,0.9999888273529732
2740.0,76.1403002,10.1,2.676,157,6.04,6.06,146.8773917,0.9999912569210642
2740.125,73.10527723,10.8,2.667,150,7.12,7.06,142.8483563,0.9999817097247911
2740.25,71.19977087,11.4,2.644,142,8.17,8.07,139.7051736,0.9999988984305794
2740.375,70.77004843,11.8,2.615,134,8.84,8.76,137.5625559,0.9999946392969585
2740.5,71.546825,11.8,2.595,128,8.81,8.79,136.5451333,0.9999984890224064
2740.625,72.78255007,11.6,2.591,125,8.26,8.29,136.6605267,0.9999988207413918
2740.75,73.53712835,11.2,2.6,127,7.48,7.53,137.769487,0.9999980788040042
2740.875,74.33207585,10.6,2.613,132,6.8,6.84,139.3756222,0.9999983708019741
2741.0,74.82242224,10.0,2.629,137,6.36,6.36,140.9026601,0.9999999651296669
2741.125,75.00586535,9.4,2.644,141,6.22,6.18,141.8162159,0.9999998895877232
2741.25,74.79089488,8.9,2.648,142,6.33,6.25,141.8953068,0.9999973594824855
2741.375,74.20044573,8.5,2.641,141,6.62,6.49,141.148603,0.9999998000472278
2741.5,73.53418917,8.4,2.633,138,6.98,6.82,139.8374154,0.999999987747129
2741.625,72.70311056,8.4,2.629,135,7.41,7.23,137.8414656,0.9999898840956148
2741.75,71.27911581,8.6,2.626,131,8.03,7.86,135.5962098,0.9998540715356456
2741.875,70.30836063,8.7,2.622,128,9.1,8.9,133.1872504,0.9996707135395831
2742.0,69.7490857,8.9,2.619,127,10.65,10.33,130.5993941,0.9995316809671843
2742.125,68.86265151,9.0,2.617,126,12.57,12.05,127.8038521,0.9992613341868748
2742.25,67.92310098,8.8,2.608,127,14.35,13.68,125.1298035,0.9989079228117248
2742.375,66.85923819,8.4,2.593,128,15.32,14.65,122.9176611,0.998424773902374
2742.5,66.38880709,8.1,2.575,130,14.95,14.39,121.2028263,0.9981830603915399
2742.625,66.87706063,8.1,2.562,130,13.54,13.11,120.1160874,0.9984335930660795
2742.75,67.95939003,8.2,2.555,130,11.98,11.63,119.6984857,0.9989228496256756
2742.875,68.24152552,8.2,2.551,129,11.07,10.74,119.826878,0.9990354023770621
2743.0,67.27343169,8.2,2.547,129,10.96,10.61,120.2993189,0.9986233471458494
2743.125,67.39529547,8.1,2.542,129,11.57,11.11,120.7853507,0.9986792303449575
2743.25,67.78694167,8.2,2.536,129,12.9,12.22,121.0623427,0.998851002093219
2743.375,68.31270965,8.4,2.531,129,14.53,13.64,121.0554707,0.999062820445664
2743.5,68.92329364,8.6,2.529,129,15.93,14.95,120.800947,0.9992817813925452
2743.625,67.95388747,8.7,2.53,129,16.51,15.6,120.3956813,0.9988797959524757
2743.75,67.86018996,8.7,2.528,130,16.33,15.55,120.1128663,0.9985793854037381
2743.875,68.06163484,8.8,2.522,129,15.65,14.97,119.9357769,0.9981475192920743
2744.0,68.30506411,8.8,2.517,128,14.83,14.21,119.9424219,0.9976043016805766
